,predicted_scores,similarity_scores
CAT,0.9999675,0.7777713391666992
PPItex,0.9999534860000001,0.6620870758628553
FADDP,0.9999520900000001,0.7499674012257151
AMPDA,0.999951992,0.6928143010165421
AMPt6,0.999950194,0.6620870758628552
NTPP2_1,0.9999488339999999,0.8944505146551419
MALT,0.999946722,0.8333333333333335
DADNC,0.999946216,0.7697947830803872
PDE5,0.99994485,0.8165131171713449
NPH,0.999944402,0.9805796924137853
ADK2_1,0.9999436599999999,0.5751938878175578
AFAT,0.9999421799999999,0.9486874220701511
SOR,0.999942052,0.7453559965556428
H2CO3D,0.9999398420000001,0.5962770197072937
ANNAT,0.999939798,0.9486874220701303
CMPDAi,0.999939772,0.6928143010165112
AP4AH1,0.999936774,0.7499674012257186
BPNT_1,0.9999366779999999,0.8944505146551167
CMPt6,0.9999361920000001,0.6620870758628552
ADK2,0.999935198,0.6123724356957946
GK_adp,0.999934998,0.5751938878175855
DNTP,0.99993486,0.7825990088689616
AP3AH,0.99993486,0.7825990088689616
PYK2,0.999934436,0.5999791384166038
CDPPH,0.999931926,0.7302353587660153
NTP7,0.999930372,0.6761095507751385
PYRDC,0.9999279879999999,0.7559430259228173
SUCCACT,0.99992757,0.6666666666666667
FMNAT_1,0.9999265639999999,0.8944505146550992
PPGPPDP_c,0.9999260839999999,0.8944505146551055
NDP7,0.9999245519999999,0.6761095507751399
PItpp,0.9999245120000001,0.8944271909999159
GTPH1,0.9999242799999999,0.836650676096406
ALPHNH,0.9999239899999999,0.8992275948022379
METt3,0.9999238220000001,0.6620870758628552
METt2r,0.9999238220000001,0.6620870758628552
PPANA,0.9999221720000001,0.8819134533312954
NH4OHDs,0.999919892,0.647125276518244
NADPHHR,0.9999196579999999,0.47580012563787344
NADPHHS,0.9999196579999999,0.47580012563787344
PPDK,0.999919628,0.6761095507751951
GUAC,0.999918392,0.8660254070568537
NADHXD,0.9999178400000002,0.5250184311622608
DCTPD2,0.9999174099999999,0.6928143010165103
ALAD_L,0.999916904,0.6834925412092816
PYK3,0.999916724,0.5999791384166895
MCD,0.999915966,0.6859943405700353
FAO10,0.9999157439999999,0.9966534913490154
NTP3e_1,0.9999154459999999,0.9128947337812107
FAO11,0.9999144300000001,0.9956507532941515
FEROc,0.999914102,0.8810626087947111
ALR,0.9999128159999999,0.8618546545162169
ATPADT,0.999911644,0.6666666666666667
NADHHS,0.9999115980000001,0.4999348010341851
NADHHR,0.9999115980000001,0.49993480103418486
NADDPp_1,0.999911468,0.7071528813125028
NADPHXD,0.9999100719999999,0.5250184311622608
ACOAM,0.999908956,0.6761095507751673
FHL,0.999907014,0.6859943405700353
SUCOAACTr,0.9999062420000001,0.5
NADHPO,0.9999059079999999,0.8249698623598103
NTPP8_1,0.999905572,0.8944505146550815
ACS_1,0.999905222,0.9258373440632619
PPK2,0.99990404,1.0
ASP4DC,0.9999039439999999,0.75
SO3R,0.9999036400000001,0.952580940426825
GLY3Pt2,0.999903134,0.6620870758628552
CYTBD2,0.999902234,0.9095890304247899
CITMS,0.999902086,0.6666666666666667
MMS,0.999902086,0.6666666666666667
NDP3,0.999901472,0.6761095507752052
NH4t3pp,0.999900982,0.7071067811865475
NH4tpp_1,0.999900982,0.7071067811865475
NAD_H2,0.9999006859999999,0.8488811979765339
FRDx,0.999900534,0.7027493975588895
PSP_L_1,0.9999004520000001,0.8944505146551022
PUTA3,0.999898374,0.8571385490901438
LDH_L,0.9998979139999999,0.7999895692083796
NH4t_1,0.999896962,0.7071067811865475
NH4t3r,0.999896962,0.7071067811865475
HMR_7197,0.9998965639999999,0.5773753621017819
SERHL,0.9998965639999999,0.5773753621017829
METt3pp,0.9998964039999999,0.6737221598223753
G3PD1ir,0.999895916,0.702749397558904
DOPDH,0.999895604,0.8618546545162062
HAMR,0.9998954379999999,0.9047594269460697
GMPS,0.999893932,0.8215671721230758
CBMKr2,0.999892586,0.9525931442135374
GLCGSD,0.999891964,0.7071375136019845
GTPHL,0.9998911720000001,0.577375362101755
BGLA,0.9998911300000002,0.8333333333333335
CYTDK1_1,0.999889946,0.8944505146551512
POX2,0.9998898180000001,0.6190341598105251
AMETt2,0.9998884180000001,0.6620870758628552
PSP_1,0.9998880080000001,0.7499674012257126
TRNFE,0.9998866920000001,0.8058205081776514
FORMCOAL,0.9998864220000001,0.6666666666666667
UDPRHMS_c,0.999885406,0.7911570975008941
ADPGLC,0.9998842019999999,0.7499674012257177
ACYP_2,0.9998841799999999,0.6761095507751678
ACYP_3,0.9998841799999999,0.755907824883292
PEPt6,0.9998839900000001,0.6620870758628552
NADK1,0.99988393,0.5999791384167044
FACOAL140,0.999882872,0.7216878364870323
G3PCT_2,0.999882562,0.7070432392604413
PHNACH,0.9998820719999999,0.7069654022425799
UGP_PGM_c,0.999881434,0.7999895692082916
GSEALD,0.9998804380000001,0.8618546545162157
FACOAL160,0.999880228,0.7216878364870323
FISC,0.999879824,0.7855664286200736
GLCt2,0.999879748,0.6620870758628552
GLCt2_2,0.999879748,0.8374812676349257
ASPSALy,0.9998793879999999,0.8618546545162074
ALDD14,0.9998791819999999,0.8571385490901453
LAAL23,0.999878932,0.5962701087544264
GTPCII_1,0.999878928,0.907492172829263
GTPCII,0.999878928,0.9411755683038318
GLYGS,0.99987879,0.5999791384165761
CELLS,0.99987879,0.7589321248799993
DESAT16a,0.999878274,0.7679837609060491
UCPP,0.9998775139999999,0.5
MLTG6,0.999877472,0.8165084093258846
LMN2,0.999877472,0.8333333333333335
MLTG7,0.999877472,0.8333333333333335
13BGH,0.999877472,0.7071375136019857
GLS2,0.999877472,0.8814089405208615
GLS,0.999877472,0.8807048459279794
UTPH1,0.9998768119999999,0.8081145095462483
PPIuabcpp,0.999876062,0.8451479579217535
PPIabc,0.999876062,0.8451479579217535
UTCY,0.9998759859999999,0.5999791384167018
AKO,0.9998753239999999,0.5000000000000001
FE2DMT1,0.9998751459999999,0.6620870758628552
H2O2syn,0.99987514,0.7159782094997527
ALDD16,0.999875114,0.8571385490901449
NADS2,0.999874696,0.777771339166725
FAH2,0.9998743400000001,0.8099270316110682
ADHEr,0.9998726019999999,0.8432813724381045
PYRt2rpp,0.99987251,0.673722159822375
FCOAH,0.999872098,0.8990063865095297
FCOAH2,0.999872098,0.6527413160114564
ATPATF2,0.9998716200000001,0.5656559216379824
P4AH,0.9998705300000001,0.6761095507751422
DALAOX,0.999870402,0.6666666666666667
GLYTA,0.9998703000000001,0.5000072433849909
NTRIR2y,0.9998694799999999,0.952580940426825
FAH3,0.9998694519999999,0.8099270316110682
NITR,0.999868902,0.7382950750947619
H2ASE_syn,0.999868878,0.8488811979765338
FAS140ACP,0.9998685939999999,0.95385238079195
OXGDC,0.9998667940000001,0.6859943405700353
LO,0.999866498,0.5773402324173663
SUCCt2_2,0.9998655120000001,0.9486832980505138
SUCCt2_3,0.9998655120000001,0.8944271909999159
SUCCt3,0.9998655120000001,0.6620870758628552
SERDC,0.9998641879999999,0.6859943405700353
G3PCT,0.999864054,0.7744799369468508
AP5AH,0.999862906,0.7825990088689614
PDH2,0.9998626319999999,0.7142750707793218
GDH1,0.999862388,0.813148313505919
ACt2r_1,0.999862388,0.6620870758628553
ACt2r,0.999862388,0.6620870758628552
ACOAH,0.999859944,0.7303157870249501
PpGppP,0.99985909,0.75
FTHFDH,0.9998590860000001,0.7324680936237082
POR,0.9998585779999999,0.6172248960421676
GLUDy_1,0.999858,0.8366569101511738
FAS80COA_L,0.9998570359999999,0.9950074915161211
FAS160ACP,0.9998569719999999,0.9538523807919498
FACOAL40t2pp,0.999856672,0.7499999999999999
GP4GH,0.999856536,0.7070883417373395
FORt3,0.999856482,0.7071067811865475
BCOALIG,0.999856194,0.8580882983795587
FDH6,0.9998556620000001,0.8141212275755374
GLYDHDA,0.99985558,0.6834925412092905
PYROX_1,0.999853012,0.5714126061690216
NADS1_1,0.999852888,0.9258373440632376
OCDOR,0.999852834,0.816498753452081
LAAL21,0.9998517720000001,0.6761095507752057
KAS20SA,0.9998517440000001,0.9992955473669638
CTPS1,0.999850622,0.8215671721230768
ASPt2_3,0.9998505879999999,0.8944271909999159
ASPt2_2,0.9998505879999999,0.9486832980505138
FAS141,0.9998504819999999,0.95918345626191
METNA,0.999849388,0.5999791384166923
RNAS_LLA,0.999849274,0.7307501161031883
LAAL8,0.999849066,0.5962701087544152
GLUGLUr,0.99984898,0.6123724356957946
FACOAL161,0.9998479020000002,0.7216878364870323
FACOAL180,0.999847122,0.7216878364870323
ATPATF1,0.9998464819999999,0.7070883417372942
GLUDxi,0.99984547,0.7559211238153813
SO3t,0.999844738,0.6620870758628552
OXADC,0.999844478,0.6859943405700353
C140SN,0.999843212,0.996892004896201
ACP1_FMN,0.9998427340000001,0.7069654022425799
SERabcpp,0.9998423000000001,0.8451479579217535
DES2_C16,0.999842132,0.7679837609060491
PRPPP,0.9998417739999998,0.6761095507751547
HCITS,0.999841668,0.6666666666666667
SERabc,0.999841572,0.8451479579217535
FACOAL181,0.9998407200000001,0.7216878364870323
3SPYRSP,0.999840714,0.5787460709779828
ASPO2,0.999840066,0.8081150474492449
FRDO6r,0.999839522,0.7746168681193956
GLUK,0.999838776,0.7999895692084456
ALDD18,0.9998387659999999,0.8571385490901453
BIRA,0.9998387,0.8451479579217778
PFK_ppi,0.999838394,0.6761095507751175
ETOHMO,0.999837014,0.7679837609060489
TRE6PSP_c,0.9998364540000001,0.676109550775136
AMID_1,0.9998346360000001,0.5975898153260268
SUCBZL_1,0.9998336480000001,0.9258373440632102
ASPO2y,0.999832632,0.7991152285003296
AASAD2,0.999831912,0.6324720243484304
FMNRy_1,0.999829918,0.9486874220701388
DPCOAK_1,0.999829778,0.8944505146551442
AKGt2r_1,0.9998284359999999,0.6620870758628553
HMR_0188,0.99982594,0.7216878364870323
FACOAL141,0.9998254839999999,0.7216878364870323
AHGDx,0.9998251940000001,0.7027493975588879
ARHGDx,0.9998251940000001,0.7027493975588959
ALDD31_1,0.9998248559999998,0.8165084093258824
FAH1,0.999824628,0.7559309575162815
OPAH,0.999824516,0.8485502641860031
GTPDPK_1,0.9998243199999999,0.8944505146551258
UMPK4,0.999823432,0.5
GLUVESSEC,0.99982293,0.8451479579217568
PACL,0.99982292,0.9258373440632376
RE1342C,0.9998218940000001,0.7999895692083452
G3PD,0.9998199620000001,0.5
FRDO5r,0.9998195899999999,0.868242147036466
ALDD12,0.9998182200000001,0.8571385490901391
AASAD1,0.9998177500000001,0.5773502691896258
GDR,0.999817264,0.7499999999999999
FACOAL180_1,0.999816028,0.6666666666666667
FACOAL180_2,0.999816028,0.6666666666666667
PYK4,0.999815512,0.5999791384167006
GLCS2,0.9998149959999999,0.6708087337037151
RE2640C,0.9998131600000001,0.5
FACOAL18111Z,0.99981203,0.6666666666666667
FACOAL181_2,0.99981203,0.6666666666666667
SUCCt3pp,0.9998110520000001,0.6737221598223753
SUCCtpp,0.9998110520000001,0.9486832980505138
PGAM1_PhosHydro,0.9998107920000001,0.7069654022425799
SBTR,0.9998104720000001,0.7159782094997408
ACt5pp,0.999810382,0.8521986140666751
ACt2ipp,0.999810382,0.6737221598223753
ACt2rpp,0.999810382,0.6737221598223753
GMP5N,0.9998103700000002,0.8944505146551416
unkFol,0.999810238,0.7453473541466762
2AMACHYD,0.9998097659999999,0.7559430259228399
NH3c,0.99980948,0.6963037462407015
FACOALP70t2pp,0.9998076379999998,0.7499999999999999
FACOALP60t2pp,0.9998076379999998,0.7499999999999999
FACOALP50t2pp,0.9998076379999998,0.7499999999999999
FACOALP100t2pp,0.9998076379999998,0.7499999999999999
FACOAL50It2pp,0.9998076379999998,0.7499999999999999
FACOAL90t2pp,0.9998076379999998,0.7499999999999999
FACOALT60t2pp,0.9998076379999998,0.7499999999999999
FACOAL181d11tpp,0.9998076379999998,0.7499999999999999
FACOALP90t2pp,0.9998076379999998,0.7499999999999999
FACOAL70t2pp,0.9998076379999998,0.7499999999999999
FACOAL182t2pp,0.9998076379999998,0.7499999999999999
FACOAL181d6t2pp,0.9998076379999998,0.7499999999999999
FACOAL50t2pp,0.9998076379999998,0.7499999999999999
FACOALP80t2pp,0.9998076379999998,0.7499999999999999
FACOAL40It2pp,0.9998076379999998,0.7499999999999999
GTPCI_2,0.9998073139999999,0.9486874220701969
ADNK3,0.9998063460000001,0.5999791384167489
GLYALDDy,0.99980549,0.861854654516216
FAS180ACP,0.9998048799999999,0.9538523807919499
LYSMO,0.9998048519999999,0.5046622425152513
FORA,0.9998045359999999,0.6527413160114615
DALAabcpp,0.999803672,0.8451479579217771
FA181ACPH,0.9998035200000001,0.7234514551350115
FRD,0.999803372,1.0
OSUCCL,0.999802756,0.6859943405700353
BARB,0.999802362,0.758193553252112
CELLSYN,0.999801998,0.5476892296083967
NTPP9_1,0.9998014660000001,0.8944505146551344
NAt3_0_5,0.99980114,0.9486832980505138
PC,0.999800818,0.7142750707793524
SULO,0.99980078,0.5477368402687175
MCDC,0.9997989259999999,0.471425009067998
FAS120ACP,0.999798818,0.9538523807919556
G1Dx,0.9997987519999999,0.7027493975589023
G6PDH1,0.9997974660000001,0.7027493975589025
FA180ACPH,0.9997973120000001,0.632430792755161
G6PDH2c,0.999795836,0.9999999999999332
HMR_0200,0.9997955879999999,0.6666666666666667
GLNt2r,0.999795312,0.6620870758628552
COORr,0.9997934,0.5477368402687272
ALAD_L2,0.9997931399999999,0.8131483135059234
CYSabc,0.9997913439999999,0.8571375353896911
NOS1,0.9997894500000001,0.7559309575162818
NTRIRx,0.999788908,0.962906834137549
IDPA,0.999788848,0.6761095507751794
C160SN,0.999788066,0.9966591854612639
HMR_0253,0.999787886,0.8451479579217535
GLYK1,0.999786222,0.8944505146551277
13GS,0.999786134,0.6708087337037058
16GS,0.999786134,0.670808733703706
IPDAB,0.999785284,0.7505116834105022
HMR_0305,0.999785284,0.6761095507752315
FADD3,0.999785284,0.7505116834104929
CACOAL,0.999785284,0.6761095507752335
PALMCL,0.999785284,0.6172248960421575
GCALDDy,0.9997846840000001,0.8618546545162162
UDPGP,0.99978462,0.7499674012257103
CYTK7,0.999782326,0.5
GTHRDt2_1,0.99978155,0.857137535389656
APSR,0.999779538,0.7777198168434751
NTRIRy,0.999779378,0.9366913469031631
C120SN,0.9997780540000001,0.9969876369773444
ALDD4,0.9997774140000001,0.857138549090136
C161SN,0.9997757839999999,0.9955262516888621
SADT,0.999775366,0.6761095507751714
SALCOD,0.99977418,0.7753089471333596
AIRC1,0.99977225,0.8090353599133668
DESAT18a,0.999771312,0.7679837609060489
DES2_9,0.999771312,0.7679837609060489
NTP8,0.9997709880000001,0.676109550775178
FAS240_L,0.9997684079999999,0.9925663999300596
BGLK,0.9997683540000001,0.7142750707793184
STFRNS,0.999768334,0.7905900304355451
GTPCIII,0.9997657400000002,0.8574995021585272
NTP4,0.9997636059999999,0.6761095507751763
LAAL19,0.9997627360000001,0.7142750707793694
GLYVESSEC_1,0.9997618599999999,0.8451479579217562
GLYabc,0.9997618599999999,0.85713753538966
GLYVESSEC,0.9997618599999999,0.551670136251523
TTDCEAATP,0.9997618019999999,0.8451479579217535
LCADi_D,0.999761614,0.8571385490901449
6HNACMO,0.9997613120000001,0.7753089471333601
AIRCra,0.99976057,0.8090353599133668
ACTLMO,0.9997593980000001,0.7679837609060489
PHEPS,0.9997563020000001,0.7999791373284822
SELNPS_cho,0.9997563020000001,0.7999791373284915
ADEt2,0.999755266,0.6620870758628552
C141SN,0.999753692,0.995676396498343
LAAL20,0.9997533799999999,0.7142750707793539
METTRS_1,0.9997523039999999,0.676109550775206
7OHOCTAc,0.9997505239999999,0.7559309575162825
PFK_adp,0.9997501920000001,0.5751938878175907
THRS_2,0.999748894,0.8944505146551064
FPGS_1,0.999748726,0.6286212009197769
SSCOARy,0.999748308,0.7385511343085528
SPODM,0.9997466319999999,0.8451416605989308
NTP6,0.9997463480000001,0.6761095507751756
CPK1,0.9997455900000001,0.6123724356957947
CYSO_I,0.9997455499999999,0.7303157870249543
FCSTOLS_c,0.99974502,0.8860906830783141
MCAO_c,0.99974502,0.8860906830783134
DESAT16_2,0.9997423399999998,0.7378754766500724
DESAT18_3,0.9997421360000001,0.7378754766500724
DESAT14,0.9997414040000001,0.7679837609060489
NO2tabcpp,0.999740952,0.8451479579217538
OPHHX3,0.999740178,0.920356104324926
DESAT18_5,0.999738436,0.7378754766500724
HDH,0.9997381259999999,0.9897639071056353
TTDCEAc,0.9997378300000002,0.7999895692083319
HMR_0201,0.9997378300000002,0.7999895692083704
DESAT16,0.999737598,0.7679837609060491
ALDD3,0.9997373279999999,0.8571385490901453
CYSt2r,0.999737266,0.6620870758628552
C181SN,0.999736288,0.9953423405238596
LAAL1,0.999735246,0.7559211238153547
DESAT18,0.9997330660000001,0.7679837609060489
IPDPS_syn,0.99973304,0.7911570975008941
TRPAS1,0.9997325,0.9128788663203781
DMPSS_c,0.99973207,0.8571354445898631
GLUMETr,0.999731566,0.5000072433849897
UAMRH,0.999731448,0.7559309575162811
OCTD,0.999730216,0.7324680936237042
GAPDi_nadp,0.9997285760000001,0.6666666666666667
HEX1_1,0.999728178,0.8944505146551311
METSR_R2,0.9997279280000001,0.75
LAAL37,0.99972777,0.7126841077115822
CYSTA,0.9997261719999999,0.5000072433849908
SQD1,0.9997258780000001,0.5787460709779397
METSR_S2,0.9997252400000001,0.75
NTP2,0.9997252099999999,0.6761095507751754
METOX,0.9997251659999999,0.6666666666666667
LAAL5,0.999724752,0.7559211238153243
ALOX,0.99972453,0.732463242781447
DESATPE160,0.9997244679999999,0.8329953442532129
DMPPS_syn,0.999723902,0.7911570975008941
OMPHHX3,0.9997238460000002,0.920356104324926
OMMBLHX3,0.9997238460000002,0.920356104324926
HMR_2284,0.999723088,0.7679837609060491
HMR_2282,0.999723088,0.7679837609060491
HMR_2281,0.999723088,0.7679837609060491
4HPAOX,0.9997210940000001,0.857137535389634
TRIOK,0.999721088,0.6324353744416313
HMR_3996,0.9997209440000001,0.5555972045477771
METOX1s,0.9997207060000001,0.75
HMR_2287,0.999720642,0.7679837609060491
ALKP_1,0.9997203459999999,0.6761095507751764
AMID4,0.99971961,0.56695726944213
CYSCYSr,0.999719348,0.6123724356957946
HMR_0156,0.999719106,0.6666666666666667
FMETDF_1,0.999717704,0.5
FMETDF,0.999717704,0.5
4HBHYOX,0.9997173500000001,0.7559309575162734
DESAT14_9,0.99971733,0.7378754766500724
DNADDP,0.99971672,0.7499674012257139
NDP8,0.9997157160000001,0.6761095507751778
CHLabc_rev,0.999715424,0.8451479579217748
SPODM_1,0.9997152039999999,0.6546780584990781
ALDD8,0.999713152,0.8571385490901453
HMR_2293,0.99971268,0.7679837609060489
HMR_2292,0.99971268,0.7679837609060491
HMR_2295,0.99971268,0.7679837609060491
HMR_2296,0.99971268,0.7679837609060491
DHFR2i,0.999712504,0.702749397558887
NFORGLUAH,0.999710112,0.8109063092703817
DESATPG160,0.999709832,0.8329953442532129
3HPPPNOHc,0.999709236,0.7559309575162722
LHIST,0.9997091920000001,0.8944245995389972
HISTDb,0.9997091920000001,0.8944245995389972
HISTDb_1,0.9997091920000001,0.8216052604030715
PGLYCP_1,0.9997088319999999,0.8944505146551436
C180SN,0.9997087020000001,0.9963981733690432
E4POR1,0.9997082479999999,0.8888856695833445
PHEPC,0.9997081600000002,0.6666666666666667
DESAT18_4,0.99970792,0.7378754766500724
DESAT18_11,0.99970792,0.7378754766500724
FE2GTPabc,0.999707774,0.8451479579217452
NTD1_1,0.9997076619999999,0.8944505146551338
CMPA_1,0.9997050920000001,0.8040252224545791
UDPACGA6D,0.99970484,0.9263673812660258
FASm1601,0.999704696,0.9327638057909278
HMR_1754,0.999703914,0.6172248960421739
ACTNMO,0.9997034319999999,0.7559309575162795
FAS100ACP,0.999702636,0.9538523807919499
LAAL22,0.9997021180000001,0.6761095507752057
UAG2EMA,0.9997019899999999,0.599979138416595
CYTB_B2,0.9997013979999998,0.8451535551088185
CYTB_B3,0.9997013979999998,0.9018598702727474
CYOO3,0.9997013979999998,0.8671293100605174
ACTD2,0.99970105,0.6782588784281884
CYTDK2_1,0.999700882,0.8944505146551313
FACOAL60i,0.9997003,0.7216878364870323
MLTHFte1,0.999699504,0.8451479579217535
GLNTRS2,0.9996990200000001,0.7142750707793667
MNDNS2,0.999697902,0.9234250224490116
FE2Gabcpp,0.999696264,0.8451479579217452
DESAT18_2,0.9996952159999999,0.7679837609060489
HMR_2359,0.9996952159999999,0.7679837609060491
HCYStabcpp,0.999694932,0.8451479579217538
CBMK4,0.999693156,0.8165084093258892
DGTP8DETOX,0.999692248,0.650785051274923
RPNTPH,0.999692248,0.6507850512749133
TAPTPP,0.999692248,0.6507850512749175
ALDD10,0.9996908440000001,0.8571385490901386
DESAT18_6,0.9996897819999999,0.7378754766500724
MNDNS1,0.9996892519999999,0.9363817370348788
MSULR,0.999688806,0.9555552980170863
4ABUTabcpp,0.99968863,0.8451479579217683
34DHALDD,0.9996886,0.8571385490901255
UMPt6,0.999687912,0.6620870758628552
PDE3,0.99968764,0.6708378859913506
NDH_1,0.999685546,0.8775249714932901
APPAT,0.999685292,0.9486874220701019
DUTPDP_1,0.999685184,0.8944505146551338
FTHFI,0.99968471,0.84514795792177
GLCURDH,0.999682094,0.8571385490901435
CITabc,0.9996814220000001,0.8451479579217744
MI1PP_1,0.999681228,0.8944505146551256
RIBFLVt3,0.9996811000000001,0.8451479579217535
RIBFLVt3o,0.9996811000000001,0.8451479579217535
FACOAL80,0.9996809900000001,0.7216878364870323
GABAVESSEC,0.9996805839999998,0.5212889901365605
GABAVESSEC_1,0.9996805839999998,0.8451479579217683
GDPMANNDH,0.9996775320000001,0.9263673812660262
FE3abcpp,0.9996770679999999,0.8571375353896737
HKt,0.9996747920000001,0.8571375353896679
X00002,0.9996746200000001,0.6996062283593674
AKGCAL,0.9996744399999999,0.5999791384167372
DBTS,0.9996736179999999,0.797026089262801
VALDHr,0.999673614,0.6834925412092819
34DHPLACOX_NADP,0.999672846,0.8618546545161974
HCO3abc,0.999672208,0.857137535389655
VNDH_2,0.999671972,0.8571385490901273
TYMc,0.999671908,0.7559309575162811
AACOAT,0.9996712640000001,0.6666666666666667
BAMPPALDOX,0.9996693000000001,0.857138549090136
ALDD22x,0.9996693000000001,0.8571385490901351
FRUabc,0.9996682339999999,0.845147957921761
LAAL32,0.999667588,0.6761095507752057
OPHHXy,0.999666794,0.755930957516271
GUAD_1,0.999666422,0.9486874220701006
FAH3_1,0.9996663739999999,0.6415347348552065
GALURDH,0.99966601,0.8571385490901431
GTHOXti2,0.9996659939999999,0.8451479579217542
FRD2rpp,0.9996656140000001,0.8606654594257501
LAAL10,0.9996653199999999,0.5962701087544123
AMPEP14,0.9996651059999999,0.4743024780977043
FDH7,0.9996650020000001,0.5975898153260482
GGGABADxr,0.9996643119999999,0.8571385490901435
DPCOAPP,0.9996642720000001,0.749967401225714
MAK,0.99966303,0.6324353744416268
ALDD6,0.9996629300000001,0.8571385490901449
DTPH,0.9996620479999999,0.6761095507751778
r1382_1,0.9996606619999999,0.8404912190560717
FPGS,0.9996606619999999,0.8347771206493292
THFGLUS,0.9996606619999999,0.7142750707793692
HMR_0180,0.9996605199999999,0.7216878364870323
THMDP,0.999660452,0.8526424620514017
FASC201ACP,0.99965847,0.9028990163427819
INOSTO,0.999658414,0.5528442063250703
TMDPK,0.9996578340000001,0.5999791384167206
HMR_4079,0.999655898,0.8618546545162078
DESAT18_8,0.9996553300000001,0.7378754766500724
SHL_c,0.9996545539999999,0.599979138416717
4HALDD,0.9996542359999999,0.8571385490901273
ASPMETASPr,0.9996538100000001,0.6324555320336759
AGMabcpp,0.9996534,0.8451479579217765
RE2649C,0.999652148,0.7303157870249394
LAAL3,0.99965112,0.7142750707793459
BZDH,0.999650884,0.8571385490901362
MMSAD3,0.9996505680000001,0.8333333333333335
UDPGALOR,0.999650396,0.9263673812660258
BSORx,0.999649754,0.7581935532521119
ALDD19x_P,0.999649722,0.8618546545162169
THFOR1,0.999647732,0.8399555724233398
FPGS7_1,0.999647446,0.628621200919778
SQLS,0.9996468220000001,0.4999550690731607
AACLAM,0.9996466640000001,0.6123724356957947
ARGSS_1,0.9996461,0.9561882311820137
CTPS1_2,0.999645688,0.7637531318616665
SACCD_c,0.999645256,0.7324680936237042
LAAL42,0.9996452419999999,0.6761095507752127
MTHFR3_1,0.99964438,0.9486874220701454
MSO3abc,0.9996421,0.857137535389655
LAAL6,0.9996419980000001,0.7142750707793115
LAAL7,0.9996419980000001,0.714275070779386
MDHi2,0.9996414259999999,1.0
GLYOX3,0.9996407520000001,0.6708378859913492
THMATPe,0.99964068,0.8451479579217535
4HOXPACDOX_NADP,0.9996400920000001,0.8618546545161991
ALDD32,0.9996384419999998,0.8772008009778299
GLACO,0.9996384419999998,0.8772008009778299
DAPabc,0.999638088,0.857137535389676
RIBt2,0.9996380300000001,0.6620870758628552
ADPMAN,0.9996374400000001,0.7499674012257146
METSOX2abc,0.9996367640000001,0.857137535389655
GMPt6,0.9996367380000001,0.6620870758628552
UAD,0.999636232,0.5787460709779032
CBPSam_1,0.999635788,0.8838764336693627
HPA3MOFAD,0.9996353539999999,0.8660254037844388
NTP9,0.9996352780000001,0.6761095507751778
MTHFR2_1,0.999634954,0.948687422070146
FEENTER2tpp,0.9996349,0.845147957921765
BSORy,0.9996335479999999,0.7911570975008941
PALDH,0.999633072,0.7069654022425799
PALDP,0.999633072,0.7069654022425799
ALAALACNc,0.9996329420000001,0.6123724356957946
MI4PP_2,0.9996325699999999,0.7499674012257126
MI4PP_1,0.9996325699999999,0.6761095507751816
MI3PP_2,0.9996325699999999,0.7499674012257126
MI3PP_1,0.9996325699999999,0.6761095507751816
ASPO1,0.9996306620000001,0.6666666666666667
BCOALIG2,0.999630386,0.6666666666666667
THFOR2,0.9996293379999999,0.8557672036319236
ASNabcpp,0.9996286920000002,0.8451479579217791
FAS140COA,0.99962813,0.9538523807919498
NDP4,0.9996273600000001,0.6761095507751761
PALFATPtc,0.999626704,0.7216878364870323
MOBDabc_rev,0.9996264079999999,0.8451479579217535
Cobalt2abcppI,0.9996263479999999,0.8571375353896951
Cut1,0.99962588,0.8571375353896921
Cuabc,0.99962588,0.857137535389692
FAS160COA,0.999625704,0.9538523807919499
SER_AL,0.99962518,0.5773000800932296
SS,0.9996248959999999,0.6536137395585795
HMR_1467,0.9996248959999999,0.6536137395585796
RN0020C,0.999624788,0.7559309575162769
HMR_2393,0.999624788,0.7679837609060489
7KLITCHOLc,0.999624788,0.7679837609060489
C4STMO2,0.999624788,0.8748184032699076
C5STDS,0.999624788,0.7679837609060489
C4STMO1,0.999624788,0.8748184032699091
HMR_2368,0.999624788,0.7679837609060489
C22STDS,0.999624788,0.7679837609060489
HMR_2380,0.999624788,0.7679837609060489
HMR_2365,0.999624788,0.7679837609060489
HMR_2289,0.999624788,0.7679837609060489
HMR_2288,0.999624788,0.7679837609060489
HMR_2007,0.999624788,0.7559309575162829
HMR_1993,0.999624788,0.7559309575162821
C14825c,0.999624788,0.7559309575162876
HMR_1477,0.999624788,0.7559309575162889
HMR_0981,0.999624788,0.7559309575162766
RN0001C,0.999624788,0.7559309575162825
DOPAc,0.999624788,0.7559309575162815
4MZYMR,0.999624788,0.7679837609060489
PSPHS,0.999624788,0.7559309575162811
CDCA6AH,0.999624788,0.7559309575162914
MPOMOR_1,0.999624788,0.7679837609060491
FAH4,0.999624788,0.7559309575162811
21HPRGNLONE,0.999624788,0.7559309575162828
25HVITD3c,0.999624788,0.7559309575162698
MPOMC1,0.999624788,0.7559309575162824
EPISTLDS_c,0.999624788,0.7679837609060489
AND19ONEc,0.999624788,0.7559309575162816
HMR_1126,0.999624788,0.7559309575162874
CADMO,0.999624788,0.7559309575162845
HMR_0942,0.999624788,0.7559309575162825
HMR_0946,0.999624788,0.7559309575162825
HMR_0950,0.999624788,0.7559309575162825
CACNAO,0.999624788,0.7559309575162848
HMR_2403,0.999624788,0.7679837609060489
HMR_0954,0.999624788,0.7559309575162825
HMR_1991,0.999624788,0.7559309575162778
MPOMC1_1,0.999624788,0.7559309575162824
HMR_1992,0.999624788,0.7559309575162858
RE3518C,0.999624788,0.7559309575162767
HMR_1990,0.999624788,0.7559309575162858
HMR_1502,0.999624788,0.7559309575162781
HMR_1737,0.999624788,0.7559309575162811
HMR_1735,0.999624788,0.7559309575162816
HMR_1681,0.999624788,0.7559309575162811
PGS,0.999624788,0.7171255891203524
3DHCDCAS,0.999624788,0.7679837609060489
BCAROHX2,0.999624788,0.7559309575162818
HMR_1494,0.999624788,0.7559309575162783
BCAROHX,0.999624788,0.7559309575162835
3DHCAS,0.999624788,0.7679837609060489
HMR_1503,0.999624788,0.7679837609060489
HMR_1765,0.999624788,0.755930957516282
PHTHCLS,0.999624788,0.7559309575162811
HMR_1550,0.999624788,0.755930957516278
HMR_1504,0.999624788,0.755930957516278
HMR_1516,0.999624788,0.7679837609060489
HMR_1536,0.999624788,0.7559309575162781
HMR_1549,0.999624788,0.7679837609060489
HMR_1538,0.999624788,0.7679837609060489
HMR_1543,0.999624788,0.7559309575162781
HMR_1544,0.999624788,0.7679837609060489
HMR_1739,0.999624788,0.7559309575162781
3DHDCAS,0.999624788,0.7679837609060489
HMR_1989,0.999624788,0.7559309575162785
RN0032C,0.999624788,0.5241301024039906
HMR_1988,0.999624788,0.7559309575162692
HMR_1981,0.999624788,0.7559309575162828
HMR_1948,0.999624788,0.7559309575162785
RE3522C,0.999624788,0.7559309575162767
RN0029C,0.999624788,0.5241301024039906
BVMO4,0.999624788,0.7559309575162906
BVMO2,0.999624788,0.7559309575162815
BVMO1,0.999624788,0.7559309575162815
RN0030C,0.999624788,0.8432931848573131
HMR_1944,0.999624788,0.7559309575162828
HMR_1767,0.999624788,0.7559309575162781
MPOMOR,0.999624788,0.7679837609060491
HMR_1478,0.999624788,0.7679837609060489
HMR_1940,0.999624788,0.7559309575162821
HMR_1838,0.999624788,0.8176354707601102
HMR_1786,0.999624788,0.7559309575162816
3DHLCAS,0.999624788,0.7679837609060489
HMR_1490,0.999624788,0.7559309575162785
HMR_1493,0.999624788,0.7679837609060489
MPOMMM,0.999624788,0.7679837609060489
RN0027C,0.999624788,0.8432931848573131
HMR_1548,0.999624788,0.7559309575162781
HMR_1545,0.999624788,0.755930957516278
RE1904C,0.999624788,0.7559309575162824
RE3041C,0.999624788,0.7559309575162886
RE2240C,0.999624788,0.7559309575162697
RE2235C,0.999624788,0.7559309575162896
RE2112C,0.999624788,0.7559309575162865
RE1943C,0.999624788,0.7559309575162824
RE1942C,0.999624788,0.8522781830887489
RE1941C,0.999624788,0.8522781830887489
RE1938C,0.999624788,0.7559309575162824
RE1906C,0.999624788,0.7559309575162824
RE1905C,0.999624788,0.7559309575162824
RE1828C,0.999624788,0.7559309575162763
RE1632C,0.999624788,0.7559309575162925
RE1826C,0.999624788,0.7559309575162824
ZXANHX,0.999624788,0.7559309575162818
ZCAROTDH2,0.999624788,0.7679837609060491
ZCAROTDH1,0.999624788,0.7679837609060489
KYN3OX,0.999624788,0.7559309575162944
RE1812C,0.999624788,0.7559309575162754
RE1811C,0.999624788,0.7559309575162755
RE1809C,0.999624788,0.7559309575162754
RE1806C,0.999624788,0.7559309575162824
RE1803C,0.999624788,0.7559309575162811
RE2248C,0.999624788,0.7559309575162766
CERH124,0.999624788,0.755930957516284
CERH126,0.999624788,0.7559309575162843
CYP2R1,0.999624788,0.7559309575162828
RE2675C2,0.999624788,0.7679837609060489
LTHSTRLOR,0.999624788,0.7679837609060489
RE2636C,0.999624788,0.7559309575162868
RE2632C,0.999624788,0.7873380836859353
RE2398C,0.999624788,0.7873380836859353
RE2387C,0.999624788,0.7559309575162829
CXANHX,0.999624788,0.7559309575162816
RE2383C,0.999624788,0.7873380836859353
RE2382C,0.999624788,0.7559309575162942
RE2975C,0.999624788,0.7559309575162758
44MZYMMO,0.999624788,0.8367338250476357
RE2249C,0.999624788,0.7559309575162766
RE3013C,0.999624788,0.7559309575162896
RE3014C,0.999624788,0.7559309575162886
RE3015C,0.999624788,0.7559309575162763
LIDOMO,0.999624788,0.7559309575162886
RE3018C,0.999624788,0.7559309575162764
RE3019C,0.999624788,0.7559309575162764
CERS326,0.999624788,0.7559309575162843
CERS324,0.999624788,0.7559309575162843
RE3020C,0.999624788,0.7559309575162764
RE3514C,0.999624788,0.7559309575162886
RE3251C,0.999624788,0.7559309575162824
RE1587C,0.999624788,0.7559309575162896
P4502C92,0.999624788,0.7559309575162877
DES2_12,0.999624788,0.7679837609060489
RE1582C,0.999624788,0.7559309575162896
RE3474C,0.999624788,0.7559309575162766
P4502A6,0.999624788,0.7559309575162935
DES2_6,0.999624788,0.7679837609060489
P4502C19,0.999624788,0.7559309575162825
SMO,0.999624788,0.755930957516282
P4502C8,0.999624788,0.7559309575162811
P4502C9,0.999624788,0.7559309575162825
P4502C93,0.999624788,0.7559309575162811
DES21,0.999624788,0.7559309575162815
P4502C94,0.999624788,0.7559309575162818
DES2_6B,0.999624788,0.7679837609060489
P4502D6,0.999624788,0.7559309575162876
P4502E1,0.999624788,0.7559309575162738
P4502F1,0.999624788,0.7559309575162811
P4503A4,0.999624788,0.7559309575162811
P4503A5,0.999624788,0.7559309575162887
DESAT180_9,0.999624788,0.7679837609060489
RE3506C,0.999624788,0.7559309575162768
RE3464C,0.999624788,0.7559309575162829
DES2_15,0.999624788,0.7679837609060489
HMR_2457,0.999624788,0.7559309575162876
RE3436C,0.999624788,0.7559309575162766
RE1308C,0.999624788,0.7559309575162764
MELATNOX,0.999624788,0.7559309575162856
AGLPED,0.999624788,0.7679837609060489
AGLPED_cho,0.999624788,0.7679837609060489
RE3370C,0.999624788,0.7873380836859353
RAHY,0.999624788,0.7559309575162811
RE3434C,0.999624788,0.7559309575162763
HMR_2472,0.999624788,0.7679837609060489
RE3435C,0.999624788,0.7559309575162766
5OHHEXAc,0.999624788,0.755930957516284
RE3440C,0.999624788,0.7873380836859353
OMMBLHXy,0.999624788,0.755930957516271
HMR_2585,0.999624788,0.7559309575162821
OMPHHXy,0.999624788,0.755930957516271
HMR_2581,0.999624788,0.7171255891203575
HMR_2495,0.999624788,0.7679837609060489
HMR_2484,0.999624788,0.7679837609060489
UMPK3,0.9996243080000001,0.6123724356957947
CD2abc1,0.99962301,0.8571375353897009
CD2abc2,0.99962301,0.8451479579217764
ASPOb,0.9996222579999999,0.6928143010165415
NADHDH,0.999622252,0.9032572874369219
PFK26,0.9996221999999999,0.7999895692084644
3HPADHi,0.999622128,0.8571385490901262
ASNabc,0.999622044,0.845147957921779
MNabc_rev,0.999621204,0.8451479579217535
BALAVECSEC,0.99962114,0.46624288909939593
BALAVECSEC_1,0.99962114,0.845147957921777
FAS180COA,0.99962099,0.9538523807919499
RE1933C,0.9996209140000001,0.6471252765182439
FAS80ACP_L,0.99962017,0.9930014058778136
FASm2002,0.99962012,0.932763805790928
RBPC,0.999619858,0.6228322509063717
FAS120COA,0.999618834,0.9538523807919556
FUMt2_2,0.9996181219999999,0.9486832980505138
FUMt3,0.9996181219999999,0.6620870758628552
FUMt2_3,0.9996181219999999,0.8944271909999159
CYNTtabcpp,0.999617826,0.8451479579217718
NTPP1_1,0.9996166279999998,0.8944505146551315
NO2t3,0.9996163920000001,0.6933821993049778
MALTt2,0.999615644,0.6620870758628552
FAS100COA,0.9996152220000001,0.9538523807919499
BACCL,0.99961495,0.6761095507751719
FAEL183,0.9996141740000001,0.9600452810107468
FAEL184,0.9996141740000001,0.9600452810107466
FAEL204,0.9996141740000001,0.9600452810107468
FAEL205,0.9996141740000001,0.9600452810107466
ARGKr,0.999613474,0.6324353744416628
MANabc,0.999612162,0.8451479579217538
DUUPP,0.99961199,0.5
MANabcpp,0.9996116500000001,0.8451479579217538
HMR_0168,0.9996114779999999,0.7216878364870323
UREAabcpp,0.9996102539999999,0.8451479579217535
PHEME2abcpp,0.9996089080000001,0.8451479579217538
CYP3,0.99960796,0.7142750707793181
BCAROHX21,0.99960796,0.7142750707793061
KSH,0.99960796,0.7142750707793183
ECHINH,0.99960796,0.7142750707793253
DESAT20_1,0.99960796,0.7378754766500724
PXMO,0.99960796,0.7142750707793187
RE1309C,0.99960796,0.7142750707793124
CYP1,0.99960796,0.714275070779329
DESAT18_12,0.99960796,0.7378754766500724
RE2675C_1,0.99960796,0.7378754766500724
PRE3BS,0.99960796,0.7142750707793176
RE2221C,0.99960796,0.7142750707793122
RE2220C,0.99960796,0.7142750707793122
RE2155C,0.99960796,0.7142750707793128
MXMO,0.99960796,0.7142750707793231
DESAT18_7,0.99960796,0.7378754766500724
XMO,0.99960796,0.7142750707793182
HPHACA,0.99960796,0.714275070779327
DESAT18_9,0.99960796,0.7378754766500724
4HOXPACMON,0.99960796,0.7142750707793102
BCAROHX11,0.99960796,0.7142750707793197
CACNAO2,0.99960796,0.714275070779321
DESAT18_10,0.99960796,0.7378754766500724
C22STDSx,0.99960796,0.7378754766500724
LNLCCOADS,0.99960796,0.7378754766500724
R05217_nad,0.99960796,0.8131483135059373
HMR_1557,0.99960796,0.7378754766500724
RE2675C,0.99960796,0.7378754766500724
DESAT24_1,0.99960796,0.7378754766500724
DESAT20_2,0.99960796,0.7378754766500724
HMR_6729,0.9996063279999999,0.7215989437740475
NOPD,0.999605502,0.7324680936237042
UDCPKr,0.9996040799999999,0.6324353744415946
MELIBabc,0.9996038800000001,0.8451479579217538
CA2abc1pp,0.999603352,0.8451479579217774
CA2abcpp,0.999603352,0.8451479579217774
H4THDPR,0.9996029139999999,0.7911570975008941
PYRDC2,0.999601992,0.6761095507751554
LTHRK,0.9996019580000001,0.6324353744415981
15DAPabcpp,0.9996016560000001,0.8451479579217638
METSOX1abc,0.9996013099999999,0.857137535389655
LAAL28,0.999601066,0.6761095507752057
NO3t2,0.9996007560000001,0.6933821993049778
NO3t3,0.9996007560000001,0.6620870758628552
PRAIS_1,0.999599072,0.9525734299598232
BTCOARx,0.99959872,0.6666666666666667
ARB_Dabc,0.999598458,0.8571375353897057
CYTCBB3pp,0.999598304,0.46666357620492194
CYTCAA3pp,0.999598304,0.6995432494026377
FASC182ACP,0.9995975619999999,0.7715311200527024
CELLBabc,0.999596336,0.8451479579217754
GCALDtabcpp,0.999596124,0.8451479579217586
PACALtabcpp,0.999595824,0.8451479579217538
PS160abcpp,0.999595108,0.8451479579217535
HEMEti,0.9995950280000001,0.8451479579217538
PHEMEABCte,0.9995950280000001,0.857137535389655
BTNt,0.999594484,0.845147957921778
PS161abcpp,0.999593544,0.8451479579217535
G1PCTYT,0.9995933779999999,0.7744799369468508
PS181abcpp,0.9995930380000001,0.8451479579217535
PS120abcpp,0.9995929200000001,0.8451479579217535
ALAGLUabcpp,0.999592696,0.8451479579217734
PS140abcpp,0.999592678,0.8451479579217535
CA2abc1,0.9995917679999999,0.8451479579217774
CA2abc,0.9995917679999999,0.8451479579217774
PS141abcpp,0.9995910179999999,0.8451479579217535
GTPCI_1,0.9995909900000001,0.8944505146551436
PTRCt3i,0.999590982,0.6620870758628553
PTRCt2,0.999590982,0.6620870758628552
MDHy,0.999590712,0.7159782094997578
UDPGNP,0.99959032,0.5787460709779023
SUCRabcpp_syn,0.999589042,0.8451479579217535
HMR_0287,0.999588764,0.8451479579217788
DIPEPabc15,0.999587672,0.8571375353896986
PEAtabcpp,0.9995874220000001,0.8451479579217538
PS180abcpp,0.999587294,0.8451479579217535
MG2abc,0.999586912,0.857137535389655
MECDPDH,0.9995866339999999,0.6708378859913435
HMPPtr,0.999585952,0.8451479579217684
GLUCYSte,0.9995856759999999,0.8451479579217567
HMR_9610,0.999585564,0.6324555320336759
SUCCt4_3,0.999585564,0.8485281374238569
SUCCt4_2,0.999585564,0.7999999999999998
VNDH_3,0.999585544,0.8571385490901253
PPP9ABCte,0.99958534,0.8451479579217535
CHOLK,0.99958466,0.6324353744416588
SUCRabc,0.9995835339999999,0.8451479579217535
CHOLSabc,0.99958277,0.8571375353896977
DHGLYH,0.9995786040000001,0.7746168681193996
3NUCLE3,0.9995785899999999,0.75
FE3DCIT2abcpp,0.9995782,0.845147957921763
OXACOAL,0.9995773719999999,0.6666666666666667
ACPAL,0.999576648,0.6666666666666667
MTHFD_1,0.9995763500000001,0.8944505146551308
CYSTabc,0.999575632,0.8451479579217711
HPYRRx_1,0.999575382,1.0
MTHFD2,0.9995731860000001,0.7027493975589114
DURAD,0.9995699379999999,0.7159782094997547
CYSO,0.999569442,0.7083301492638545
GLUN_1,0.99956932,0.670837885991355
CBIabc,0.999568412,0.8451479579217767
CBIuabcpp,0.999568412,0.8451479579217767
CBL1abc,0.999568006,0.8451479579217765
ADOCBLabcpp,0.999568006,0.8451479579217764
CBL1abcpp,0.999568006,0.8451479579217765
ADOCBLabc,0.999568006,0.8451479579217764
TTDCAFATPc,0.9995679560000001,0.7216878364870323
HMR_6785,0.9995673759999999,0.753778361444409
CMtexabc,0.9995652920000001,0.8451479579217739
CYO1b2pp_syn_1,0.9995651779999999,0.786370127951616
CYO1bpp_syn_1,0.9995651779999999,0.7863701279516145
SHEME2abcpp,0.9995650960000001,0.8451479579217535
CU1abcpp,0.9995645100000001,0.8451479579217718
GDTP,0.999564154,0.9486874220701639
OCDCAFATPc,0.9995638760000001,0.7216878364870323
GCPN,0.999563112,0.8660630431526354
CAATPS_1,0.999562192,0.7300069882362415
CAATPS,0.999562192,0.5356740745304828
CGMPt,0.9995620479999999,0.8451479579217667
NAKtr,0.999561992,0.6324555320336759
SERTRS_1,0.9995617680000001,0.6761095507751895
4HTHRS_1,0.9995609179999999,0.8944505146551087
ASPO6_1,0.999560292,0.8944505146551212
HKtpp,0.9995602399999999,0.8571375353896679
NMNHYD_1,0.999559394,0.8944505146551064
CAMPt,0.99955832,0.8451479579217771
NDP6,0.99955773,0.6761095507751756
FPGS4_1,0.99955588,0.6286212009197789
LIPATPT_2,0.999555228,0.8944505146551122
ARGDI,0.99955342,0.69281430101653
RAFFabc,0.999552776,0.8451479579217535
FUMAH,0.9995525480000002,0.5999791384167117
PEPt6pp,0.9995520920000001,0.6324555320336759
GLXt2,0.9995512,0.6620870758628552
PRO1x,0.999550824,0.8081150474492365
P5CR2,0.999550824,0.7027493975589002
P5CRx,0.999550824,0.8081150474492366
ATPATF3,0.9995503280000001,0.5999791384166261
3PGP,0.999548594,0.7069654022425799
UPPN,0.999547832,0.804025222454578
BUPN,0.999547832,0.7385576997230722
DCPLD1,0.9995475020000001,0.7019216652974722
SACCD2,0.9995475020000001,0.7019216652974678
DOPAVESSEC_1,0.999546514,0.8451479579217668
DOPAVESSEC,0.999546514,0.725467289009625
FASC221ACP,0.999546026,0.858635755260817
FASC220ACP,0.999546026,0.9485424146081823
AI2abcpp,0.99954509,0.8451479579217538
LLEUDr,0.99954429,0.6834925412092877
PROt3,0.999543732,0.6620870758628552
NTRLASE3,0.999543672,0.7559430259228502
PEPA,0.9995434119999999,0.70696540224258
GLUTRS_3,0.99954322,0.9258373440632409
GLUTRS_2,0.99954322,0.9258373440632409
FORAMD,0.99954198,0.56695726944213
CARORSr,0.999541842,0.7324680936237042
ACPS,0.9995412939999999,0.7215989437740442
KHK,0.9995404539999999,0.7999895692084525
NABTNO,0.9995403340000001,0.8571385490901462
ALDD5,0.9995403340000001,0.8571385490901453
ALDD7,0.9995403340000001,0.8571385490901449
ALDD4x,0.9995403340000001,0.8571385490901449
ALDD9,0.9995403340000001,0.8571385490901453
ALDD3C7_c,0.9995403340000001,0.8571385490901449
GGDAPDxr,0.9995403340000001,0.8571385490901435
HEMEAS_1,0.9995403340000001,0.8852533756379282
AM6SAD,0.9995403340000001,0.8571385490901346
DPNSPAD,0.9995403340000001,0.758193553252112
RE2333C,0.9995403340000001,0.8571385490901298
RE2334C,0.9995403340000001,0.8571385490901295
ALDD21,0.9995403340000001,0.8571385490901453
RE2335C,0.9995403340000001,0.8571385490901295
DMSOR3,0.9995403340000001,0.758193553252112
COALDDH,0.9995403340000001,0.8571385490901422
PHCD,0.9995403340000001,0.777771339166703
MACOXO,0.9995403340000001,0.8571385490901267
ALDD3C161_c,0.9995403340000001,0.8571385490901449
ALDD13,0.9995403340000001,0.8571385490901453
ALDD20x_1,0.9995403340000001,0.8571385490901449
QOR2,0.9995403340000001,0.7581935532521119
HP5CD_1,0.9995403340000001,0.7777713391666903
HP5CD,0.9995403340000001,0.8542692885536793
GDBTALDH,0.9995403340000001,0.8571385490901444
HMSD2,0.9995403340000001,0.8571385490901449
IMACTD,0.9995403340000001,0.8571385490901449
HMSD,0.9995403340000001,0.8781380865317274
RADH3,0.9995403340000001,0.8571385490901464
RADH,0.9995403340000001,0.8571385490901453
QOR3,0.9995403340000001,0.7581935532521119
OXPTNDH,0.9995403340000001,0.8571385490901449
QOR1,0.9995403340000001,0.7581935532521119
ALDD20x,0.9995403340000001,0.8571385490901449
PYLALDOX,0.9995403340000001,0.8571385490901453
CDP4D6DGLCRx,0.9995403340000001,0.7581935532521119
FAOXOHMC10DC10c,0.9995403340000001,0.9263673812660258
FAOXOHC16C16DCc,0.9995403340000001,0.8852533756379282
PPRDNDH,0.9995403340000001,0.7777713391667072
ALDD11,0.9995403340000001,0.8571385490901453
RE2152C,0.9995403340000001,0.926367381266028
GG15DAPDxr,0.9995403340000001,0.8571385490901435
ALDD15,0.9995403340000001,0.8571385490901453
ALDD17,0.9995403340000001,0.8571385490901449
CHMSDH,0.9995403340000001,0.758193553252112
CBL2OR,0.9995403340000001,0.6024555976805848
6TINS5MPOR,0.9995403340000001,0.758193553252112
5HOXINDACTOX,0.9995403340000001,0.8571385490901282
TNTR1x,0.9995403340000001,0.7835655581671807
34DHXMANDACOX,0.9995403340000001,0.8571385490901255
4H3NALDD,0.9995403340000001,0.8571385490901273
VNDH,0.9995403340000001,0.8571385490901453
RE3012C,0.9995403340000001,0.8571385490901462
4HALDD_1,0.9995403340000001,0.8571385490901273
3MOX4HOXPGALDOX,0.9995403340000001,0.8571385490901267
3M4HDXPAC,0.9995403340000001,0.8571385490901462
AASAD3,0.9995403340000001,0.8571385490901311
UDPGALNAC6DH,0.9995403340000001,0.9263673812660258
4MBZDH,0.9995403340000001,0.8571385490901462
3MBZDH,0.9995403340000001,0.8571385490901462
2MBALDH,0.9995403340000001,0.8571385490901251
TMABADH,0.9995403340000001,0.8571385490901278
4HGLSD,0.9995403340000001,0.8571385490901413
RE3346C,0.999540312,0.8571385490901461
TNTR2x,0.999540312,0.7835655581671807
FAOXOHC22C22DCc,0.999540312,0.8852533756379284
ACYP,0.9995394020000001,0.676109550775159
3NUCLE2,0.9995391180000001,0.75
ILEDHr_1,0.999538412,0.6834925412092895
GLYBCOAT,0.999537282,0.5999791384167149
RE1944C,0.9995361220000001,0.6761095507751719
LIPATPT_1,0.9995361220000001,0.6761095507751896
TRSARyr,0.9995327059999999,0.799989569208372
CE2049te,0.999530042,0.8451479579217718
CE2047te,0.999530042,0.8451479579217717
CE2006te,0.999530042,0.8451479579217717
5OXPROabcpp,0.999530042,0.8451479579217699
GLYMETabcpp,0.999530042,0.845147957921755
CE1447te,0.999530042,0.8451479579217716
CE2209te,0.999530042,0.8451479579217718
GLYMETtr,0.999530042,0.845147957921756
CE1352te,0.999530042,0.8451479579217713
CE2211te,0.999530042,0.8451479579217718
CE1297t,0.999530042,0.8451479579217713
CE1273t1,0.999530042,0.8451479579217711
CE1243ATP,0.999530042,0.8451479579217711
CE2445t,0.999530042,0.8451479579217718
C04805ATP,0.999530042,0.8451479579217708
5OHFVSteb,0.999530042,0.8451479579217699
GLYGLYabcpp,0.999530042,0.8451479579217551
CE2510ABCt,0.999530042,0.8451479579217719
CE7083t,0.999530042,0.8451479579217727
3DHCDCHOLabc,0.999530042,0.8451479579217668
CE7082ATP,0.999530042,0.8451479579217727
CE7081tm,0.999530042,0.8451479579217727
CE6247t,0.999530042,0.8451479579217727
CE5072te,0.999530042,0.8451479579217721
CE5026t,0.999530042,0.8451479579217721
CE5025t,0.999530042,0.8451479579217721
OANTIabcpp,0.999530042,0.8451479579217535
CE4877te,0.999530042,0.845147957921772
OARGabcpp,0.999530042,0.8451479579217696
CE4843t,0.999530042,0.8451479579217651
GLYGLNabcpp,0.999530042,0.8451479579217552
CE2537ATP,0.999530042,0.8451479579217719
GLYGLNtr,0.999530042,0.8451479579217562
CE2537ABCt,0.999530042,0.8451479579217719
GLYGLUabcpp,0.999530042,0.8451479579217551
CE2513ATP,0.999530042,0.8451479579217535
CE0328t,0.999530042,0.8451479579217727
GLYGLYGLNtr,0.999530042,0.845147957921755
CE2510t,0.999530042,0.8451479579217719
GLYPHEabcpp,0.999530042,0.845147957921755
GM2LIPAabctex,0.999530042,0.8451479579217548
GLYSERabcpp,0.999530042,0.845147957921755
DIGALSGALSIDEATPte,0.999530042,0.8451479579217682
UDCA3Sabc,0.999530042,0.8451479579217535
TSTSTERONEGLCte,0.999530042,0.8451479579217535
2HATVLACGLUCteb,0.999530042,0.8451479579217658
PAFABCt,0.999530042,0.8451479579217535
PAIL18111Z160t,0.999530042,0.8451479579217535
PAIL1819Z160t,0.999530042,0.8451479579217535
6MELVACtbc,0.999530042,0.8451479579217703
2HATVLACteb,0.999530042,0.8451479579217657
DIPEPabc1,0.999530042,0.845147957921777
DIPEPabc10,0.999530042,0.8451479579217561
UCHOLabc,0.999530042,0.8451479579217535
DIPEPabc11,0.999530042,0.8451479579217561
DIPEPabc12,0.999530042,0.8451479579217538
GUDACabcpp,0.999530042,0.845147957921754
GUDCA3Sabc,0.999530042,0.8451479579217539
GUDPTNabcpp,0.999530042,0.8451479579217539
DIPEPabc13,0.999530042,0.8451479579217562
RSVATPtu,0.999530042,0.8451479579217535
DIPEPabc14,0.999530042,0.8451479579217559
DIPEPabc2,0.999530042,0.845147957921777
DIPEPabc3,0.999530042,0.845147957921777
TSACMSULtev,0.999530042,0.8451479579217535
2HATVACIDteb,0.999530042,0.8451479579217657
6AHGLZABCt,0.999530042,0.8451479579217699
SLNTabcpp,0.999530042,0.8451479579217535
GLZABCteb,0.999530042,0.8451479579217549
GM1LIPAabcpp,0.999530042,0.8451479579217535
GM1LIPAabctex,0.999530042,0.8451479579217549
GM2LIPAabcpp,0.999530042,0.8451479579217535
ARSENBabc,0.999530042,0.845147957921779
CE7090te,0.999530042,0.8451479579217727
6BHGLZABCt,0.999530042,0.84514795792177
6BHGLZGLCABCt,0.999530042,0.84514795792177
ARSabc,0.999530042,0.845147957921779
2HATVACIDGLUCteb,0.999530042,0.8451479579217657
OSKTabcpp,0.999530042,0.8451479579217535
SMVtu,0.999530042,0.8451479579217535
6CSMVACIDteb,0.999530042,0.84514795792177
TSACGLUCtev,0.999530042,0.8451479579217535
6EPSteb,0.999530042,0.8451479579217702
35DSMVteb,0.999530042,0.8451479579217667
SMVACIDATPteb,0.999530042,0.8451479579217535
6HMSMVACIDteb,0.999530042,0.8451479579217702
SMIA1Eabc,0.999530042,0.8451479579217535
6HSMVACIDteb,0.999530042,0.8451479579217702
GTACMPtev,0.999530042,0.8451479579217543
CE7085te,0.999530042,0.8451479579217727
SPHMYLN18115_hs_ATPt,0.999530042,0.8451479579217535
CE7096te,0.999530042,0.8451479579217728
AM1ALCSteb,0.999530042,0.8451479579217779
TACRtu,0.999530042,0.8451479579217535
AM1C4N9CSteb,0.999530042,0.8451479579217779
AM1C9CSteb,0.999530042,0.8451479579217779
AM1CCSteb,0.999530042,0.8451479579217779
AM1CGLCteb,0.999530042,0.8451479579217779
AM4NC9CSteb,0.999530042,0.8451479579217779
AM4NCSteb,0.999530042,0.845147957921778
ACHVESSEC,0.999530042,0.7254672890096351
AM9CSAteb,0.999530042,0.845147957921778
SULPACMPtev,0.999530042,0.8451479579217535
CHSTEROLt_1,0.999530042,0.8451479579217746
CHSTEROLt,0.999530042,0.8451479579217746
SULAabc,0.999530042,0.8451479579217535
TRIPVSteb,0.999530042,0.8451479579217535
3HLVSTACtbc,0.999530042,0.8451479579217673
DESFVSteb,0.999530042,0.8451479579217694
MOPSabc,0.999530042,0.8451479579217538
PCHOLN201_HSABCt,0.999530042,0.8451479579217535
DGUDBUTNabcpp,0.999530042,0.8451479579217691
CHOLATEt3,0.999530042,0.8451479579217748
STACMPtev,0.999530042,0.8451479579217535
3HPVSTETteb,0.999530042,0.8451479579217676
4HPROLTabcpp,0.999530042,0.845147957921769
CE7172ATP,0.999530042,0.8451479579217728
AM1ACSteb,0.999530042,0.8451479579217779
DCA3Sabc,0.999530042,0.8451479579217707
METDabc,0.999530042,0.8451479579217538
TCA3Sabc,0.999530042,0.8451479579217535
ACMPtu,0.999530042,0.845147957921776
ACMPthc,0.999530042,0.845147957921776
ACMPGLUthc,0.999530042,0.845147957921776
ACMPGLUtep,0.999530042,0.845147957921776
ACMPGLUTthc,0.999530042,0.845147957921776
ACMPGLUTtep,0.999530042,0.845147957921776
21HPRGNLONEt1,0.999530042,0.8451479579217644
METDabcpp,0.999530042,0.8451479579217538
CMCBTFabcpp,0.999530042,0.8451479579217632
PLPSabctex,0.999530042,0.8451479579217538
4HPRODCabcpp,0.999530042,0.845147957921769
MHGLZABCt,0.999530042,0.8451479579217535
3ISPVSteb,0.999530042,0.8451479579217676
3HSMVACIDteb,0.999530042,0.8451479579217676
ACHVESSEC_1,0.999530042,0.8451479579217758
AM19CSteb,0.999530042,0.8451479579217778
AM1A4NCSteb,0.999530042,0.8451479579217778
3HPVSteb,0.999530042,0.8451479579217674
DHBSZ3FEabcpp,0.999530042,0.8451479579217628
DHCHOLESTANATEATP,0.999530042,0.8451479579217691
4PYRDX,0.999530042,0.8451479579217692
56DHPVSteb,0.999530042,0.8451479579217693
NORMETEVESSte,0.999530042,0.725467289009617
3DHDCAabc,0.999530042,0.8451479579217668
SPHMYLN18118_hs_ATPt,0.999530042,0.8451479579217535
NRPPHRVESSEC,0.999530042,0.725467289009617
NRPPHRVESSEC_1,0.999530042,0.8451479579217535
NRVNCABCt,0.999530042,0.8451479579217538
SPHMYLN181181_hs_ATPt,0.999530042,0.8451479579217535
5HPETATP,0.999530042,0.8451479579217693
SPHMYLN18117_hs_ATPt,0.999530042,0.8451479579217535
SPHMYLN18116_hs_ATPt,0.999530042,0.8451479579217535
5HTRPVESSEC,0.999530042,0.7254672890096395
5HTRPVESSEC_1,0.999530042,0.8451479579217698
SPHMYLN181161_hs_ATPt,0.999530042,0.8451479579217535
CELabc,0.999530042,0.8451479579217756
DIPEPabc5,0.999530042,0.845147957921777
ARBTNabcpp,0.999530042,0.8451479579217788
SPHMYLN18114_hs_ATPt,0.999530042,0.8451479579217535
ETHSabc,0.999530042,0.8451479579217642
SPHMYLN180241_hs_ATPt,0.999530042,0.8451479579217535
3DHCHOLabc,0.999530042,0.8451479579217668
CEL6abc,0.999530042,0.8451479579217754
SPHMYLN181201_hs_ATPt,0.999530042,0.8451479579217535
SPHMYLN18120_hs_ATPt,0.999530042,0.8451479579217535
SPHMYLN18121_hs_ATPt,0.999530042,0.8451479579217535
5APTNabcpp,0.999530042,0.8451479579217694
DHEASABCCte,0.999530042,0.8451479579217687
56EPPVSteb,0.999530042,0.8451479579217693
5ADTSTSTERONEGLCte,0.999530042,0.8451479579217694
3DHLCAabc,0.999530042,0.8451479579217669
NCBMPTSabcpp,0.999530042,0.8451479579217747
NDERSVteb,0.999530042,0.8451479579217535
ANDRSTANDRte,0.999530042,0.8451479579217781
ANDRSTNDNte,0.999530042,0.8451479579217782
ANDRSTRNGLCte,0.999530042,0.8451479579217782
DHEAte,0.999530042,0.8451479579217687
NMTHDA,0.999530042,0.8682421470364392
SPHS1Pt2e,0.999530042,0.8451479579217535
5EIPENCte,0.999530042,0.8451479579217696
DHGLZABCt,0.999530042,0.8451479579217686
SPHMYLN_HsATPte,0.999530042,0.8451479579217535
SPHMYLN1825_hs_ATPt,0.999530042,0.8451479579217535
SPHMYLN1824_hs_ATPt,0.999530042,0.8451479579217535
SPHMYLN18123_hs_ATPt,0.999530042,0.8451479579217535
SPHMYLN18122_hs_ATPt,0.999530042,0.8451479579217535
SPHMYLN181221_hs_ATPt,0.999530042,0.8451479579217535
DIPEPabc4,0.999530042,0.8451479579217731
ESTRSABCtc,0.999530042,0.8451479579217646
DIPEPabc6,0.999530042,0.8451479579217771
PCHOLHEP_HSABCt,0.999530042,0.8451479579217535
HMR_0243,0.999530042,0.8451479579217734
PCHOLDOC_HSABCt,0.999530042,0.8451479579217535
HMR_0281,0.999530042,0.8451479579217744
PEDH203_HSABCt,0.999530042,0.8451479579217535
PCHOLEIC_HSABCt,0.999530042,0.8451479579217535
PCHOLET_HSABCt,0.999530042,0.8451479579217535
DPROabcpp,0.999530042,0.8451479579217535
HMR_0247,0.999530042,0.8451479579217743
PEAR_HSABCt,0.999530042,0.8451479579217535
PEALtabc,0.999530042,0.8451479579217535
PEAL2tabc,0.999530042,0.8451479579217538
PCHOLAR_HSABCt,0.999530042,0.8451479579217535
DORNabcpp,0.999530042,0.8451479579217538
PE2LINL_HSABCt,0.999530042,0.8451479579217535
PE226_HSABCt,0.999530042,0.8451479579217535
PE203_HSABCt,0.999530042,0.8451479579217535
PCHOLLINL_HSABCt,0.999530042,0.8451479579217535
PCHOLMYR_HsABCt,0.999530042,0.8451479579217535
PE1829Z12Z1835Z9Z12Zt,0.999530042,0.8451479579217535
PE1819Z1845Z9Z12Z15Zt,0.999530042,0.8451479579217535
PE1819Z1835Z9Z12Zt,0.999530042,0.8451479579217535
C03681te,0.999530042,0.8451479579217708
BUTSabc,0.999530042,0.8451479579217778
PCHOL2STE_HSABCt,0.999530042,0.8451479579217535
HMR_0311,0.999530042,0.8451479579217744
HMR_0299,0.999530042,0.8451479579217743
HMR_0215,0.999530042,0.8451479579217535
DOPA4GLCURt,0.999530042,0.8451479579217668
HMR_0307,0.999530042,0.8451479579217744
PG1819Z160t,0.999530042,0.8451479579217535
PG18111Z160t,0.999530042,0.8451479579217535
HMR_0303,0.999530042,0.8451479579217743
SERGLUGLNtr,0.999530042,0.8451479579217535
HMR_0235,0.999530042,0.8451479579217743
PESTE_HSABCt,0.999530042,0.8451479579217535
PB2abcpp,0.999530042,0.8451479579217535
HMR_0239,0.999530042,0.8451479579217535
PCHOL2OLE_HSABCt,0.999530042,0.8451479579217535
HMR_0291,0.999530042,0.8451479579217736
31DMTtu,0.999530042,0.8451479579217663
PEPALM_HSASBCt,0.999530042,0.8451479579217535
PEOLE_HSABCt,0.999530042,0.8451479579217535
PELPALM_HSABCt,0.999530042,0.8451479579217535
PELINL_HSABCt,0.999530042,0.8451479579217535
PEFLIP_cho,0.999530042,0.8451479579217538
PEFLIP,0.999530042,0.8451479579217538
PCHLN225_HSABCt,0.999530042,0.8451479579217535
PCHOL2LINL_HSABCt,0.999530042,0.8451479579217535
C03990ATP,0.999530042,0.845147957921773
PE1819Z1829Z12Zt,0.999530042,0.8451479579217535
C04483t1,0.999530042,0.8451479579217703
PCHOLPALME_HSABCt,0.999530042,0.8451479579217535
C14826ATP,0.999530042,0.8451479579217711
PCHOLN183_HSABCt,0.999530042,0.8451479579217535
C14825ATP,0.999530042,0.8451479579217711
HMR_0273,0.999530042,0.8451479579217738
SELabcpp,0.999530042,0.8451479579217535
PCt_cho,0.999530042,0.8451479579217535
PCt,0.999530042,0.8451479579217535
PCHOLN19_HSABCt,0.999530042,0.8451479579217535
C14771ATP,0.999530042,0.8451479579217711
PCHOLSTE_HSABCt,0.999530042,0.8451479579217535
HMR_0277,0.999530042,0.8451479579217535
PE1819Z1819Zt,0.999530042,0.8451479579217535
PCHOLOLE_HSABCt,0.999530042,0.8451479579217535
PCHOLN264_HSABCt,0.999530042,0.8451479579217535
PCHOLN225_HSABCt,0.999530042,0.8451479579217535
PCHOLN2254_HSABCt,0.999530042,0.8451479579217535
PCHOLN224_HSABCt,0.999530042,0.8451479579217535
PCHOLN205_HSABCt,0.999530042,0.8451479579217535
C14768ATP,0.999530042,0.845147957921771
PCHOLN204_HSABCt,0.999530042,0.8451479579217535
PCHOLN203_HSABCt,0.999530042,0.8451479579217535
C14769td2,0.999530042,0.845147957921771
HMR_0261,0.999530042,0.8451479579217535
PE12_HSABCt,0.999530042,0.8451479579217535
PCHOLN1836_HSABCt,0.999530042,0.8451479579217535
HMR_0257,0.999530042,0.8451479579217736
C04717ATP,0.999530042,0.8451479579217708
PE18111Z1845Z9Z12Z15Zt,0.999530042,0.8451479579217535
PCHOLN15_HSABCt,0.999530042,0.8451479579217535
PE18111Z1835Z9Z12Zt,0.999530042,0.8451479579217535
C05298te,0.999530042,0.8451479579217708
C05299te,0.999530042,0.8451479579217708
PE18111Z1829Z12Zt,0.999530042,0.8451479579217535
C05301te,0.999530042,0.8451479579217709
C05302te,0.999530042,0.8451479579217709
C05463t1,0.999530042,0.8451479579217535
PE18111Z1819Zt,0.999530042,0.8451479579217535
PE1801845Z9Z12Z15Zt,0.999530042,0.8451479579217535
C05769te,0.999530042,0.8451479579217709
PE1801835Z9Z12Zt,0.999530042,0.8451479579217535
PE1801829Z12Zt,0.999530042,0.8451479579217535
C05770te,0.999530042,0.8451479579217709
PE1801819Zt,0.999530042,0.8451479579217535
PE17_HSABCt,0.999530042,0.8451479579217535
PE161_HSABCt,0.999530042,0.8451479579217535
PE15_HSABCt,0.999530042,0.8451479579217535
PE14_HSABCt,0.999530042,0.8451479579217535
DOPA3GLCURt,0.999530042,0.8451479579217669
HMR_0317,0.999530042,0.8451479579217673
DIPEPabc7,0.999530042,0.845147957921777
HMR_0423,0.999530042,0.8451479579217535
HC02196te,0.999530042,0.845147957921773
HC02220te,0.999530042,0.8451479579217731
HCA24Gte,0.999530042,0.8451479579217535
HCA6Gte,0.999530042,0.8451479579217535
HMR_0431,0.999530042,0.8451479579217734
DMGLYBabcpp,0.999530042,0.8451479579217678
HDCA24Gte,0.999530042,0.8451479579217535
HDCA6Gte,0.999530042,0.8451479579217535
HMR_0427,0.999530042,0.8451479579217702
6OHFVSteb,0.999530042,0.8451479579217703
HMR_0419,0.999530042,0.8451479579217535
HC02195te,0.999530042,0.845147957921773
CBL2abc,0.999530042,0.8451479579217765
TXB2t,0.999530042,0.8451479579217535
CBL1HBIabc,0.999530042,0.8451479579217765
HMR_0415,0.999530042,0.8451479579217765
DMSO2abcpp,0.999530042,0.8451479579217676
S3MEACMPtev,0.999530042,0.8451479579217535
HMR_0395,0.999530042,0.8451479579217739
ECTOabcpp,0.999530042,0.8451479579217656
ECTOINEabc,0.999530042,0.8451479579217656
HMR_0391,0.999530042,0.8451479579217739
EIC21114TRte,0.999530042,0.8451479579217654
HC02194te,0.999530042,0.845147957921773
HMR_0211,0.999530042,0.8451479579217746
ESTRAABCtc,0.999530042,0.8451479579217647
DIPEPabc8,0.999530042,0.8451479579217565
DIPEPabc9,0.999530042,0.8451479579217562
DJENKabc,0.999530042,0.845147957921768
DCA24Gte,0.999530042,0.8451479579217708
ESTROSABCCte,0.999530042,0.8451479579217646
ESTRONEte,0.999530042,0.8451479579217647
ESTRONEGLCt,0.999530042,0.8451479579217647
ESTRIOLGLCte,0.999530042,0.8451479579217647
ESTRIOLATP,0.999530042,0.8451479579217647
ESTRADIOLGLCt2,0.999530042,0.8451479579217648
EPOXTACteb,0.999530042,0.8451479579217649
HMR_0435,0.999530042,0.8451479579217736
DLEUabcpp,0.999530042,0.8451479579217538
TUDCA3Sabc,0.999530042,0.8451479579217535
TUNGSabcpp,0.999530042,0.8451479579217535
RSVLACteb,0.999530042,0.8451479579217535
DLYSabcpp,0.999530042,0.8451479579217538
HMR_0469,0.999530042,0.8451479579217535
HMR_0439,0.999530042,0.8451479579217739
CDCA3Gte,0.999530042,0.8451479579217763
PHYQt,0.999530042,0.8451479579217538
CDCA24Gte,0.999530042,0.8451479579217763
ATVACIDtu,0.999530042,0.8451479579217792
SALCHS2FEabcpp,0.999530042,0.8451479579217535
ATVLACtu,0.999530042,0.8451479579217791
HMR_0194,0.999530042,0.8451479579217746
EANDRSTRNte,0.999530042,0.8451479579217657
CA3Sabc,0.999530042,0.8451479579217772
7DHCHSTEROLt,0.999530042,0.8451479579217704
7HPVSteb,0.999530042,0.8451479579217704
CA24Gte,0.999530042,0.8451479579217774
DVALabcpp,0.999530042,0.8451479579217535
HMR_0359,0.999530042,0.8451479579217654
HMR_0347,0.999530042,0.8451479579217747
HMR_0343,0.999530042,0.8451479579217535
HMR_0329,0.999530042,0.8451479579217746
BILDGLCURte,0.999530042,0.8451479579217782
HEXDIACATP,0.999530042,0.8451479579217535
BILGLCURte,0.999530042,0.8451479579217782
HMR_0325,0.999530042,0.8451479579217743
DSPVSteb,0.999530042,0.8451479579217666
7KILTCHOLATP,0.999530042,0.8451479579217704
HMR_0207,0.999530042,0.8451479579217738
HMR_0321,0.999530042,0.8451479579217673
BLAMDabcpp,0.999530042,0.8451479579217788
PGP1819Z160t,0.999530042,0.8451479579217535
PGP18111Z160t,0.999530042,0.8451479579217535
PGLYCABCte,0.999530042,0.8451479579217535
HMR_0363,0.999530042,0.8451479579217535
7DHCHOLabc,0.999530042,0.8451479579217704
7DHCDCHOLabc,0.999530042,0.8451479579217704
7BHGLZGLCABCt,0.999530042,0.8451479579217703
AU1abcpp,0.999530042,0.8451479579217791
HEXDTRte,0.999530042,0.8451479579217535
HEXSabc,0.999530042,0.8451479579217538
HMR_0387,0.999530042,0.8451479579217739
Am1CSAteb,0.999530042,0.8451479579217779
HMR_0383,0.999530042,0.8451479579217734
BALAALAabcpp,0.999530042,0.845147957921779
DODECANACt,0.999530042,0.8451479579217673
BALABALAabcpp,0.999530042,0.8451479579217789
7AHGLZABCt,0.999530042,0.8451479579217703
CARNabcpp,0.999530042,0.845147957921777
BALAGLYabcpp,0.999530042,0.8451479579217789
HISGLYabcpp,0.999530042,0.8451479579217538
BALALEUabcpp,0.999530042,0.8451479579217788
HMR_0375,0.999530042,0.8451479579217535
HISHISabcpp,0.999530042,0.8451479579217538
HISTAVESSEC,0.999530042,0.725467289009617
HISTAVESSEC_1,0.999530042,0.8451479579217535
HMR_0371,0.999530042,0.8451479579217535
HMR_0367,0.999530042,0.845147957921774
7BHGLZABCt,0.999530042,0.8451479579217703
DCA3Gte,0.999530042,0.8451479579217707
C14770ATP,0.999530042,0.845147957921771
LIPAAabcpp,0.999530042,0.8451479579217535
XOLDIOLONEATP,0.999530042,0.8451479579217535
GLUCAN2abc,0.999530042,0.8451479579217567
MANTTRabc,0.999530042,0.8451479579217538
AEPabcpp,0.999530042,0.8451479579217651
MANTRabc,0.999530042,0.8451479579217538
MANBabc,0.999530042,0.8451479579217538
17AHPRGSTRNte,0.999530042,0.8451479579217639
17AHPRGNLONEte,0.999530042,0.8451479579217639
1331TACRteb,0.999530042,0.8451479579217637
XOL7AONEATP,0.999530042,0.8451479579217535
PSFLIP,0.999530042,0.8451479579217535
GDCA3Sabc,0.999530042,0.8451479579217585
XOL7AH3ATP,0.999530042,0.8451479579217535
3OHACMPtev,0.999530042,0.845147957921768
FECRMabcpp,0.999530042,0.8451479579217624
DARGabcpp,0.999530042,0.8451479579217789
FECRMabc,0.999530042,0.8451479579217624
CPGNabcpp,0.999530042,0.845147957921773
13DAMPPabcpp,0.999530042,0.8451479579217637
13DMTtu,0.999530042,0.8451479579217637
FECHEabcpp,0.999530042,0.8451479579217624
AK2LGCHOLABCt,0.999530042,0.8451479579217769
FE3HOXabcpp,0.999530042,0.8451479579217627
LIPTabc,0.999530042,0.8451479579217538
15HPETATP,0.999530042,0.8451479579217638
CRGLZABCt,0.999530042,0.845147957921773
AEPabc,0.999530042,0.8451479579217649
GLUCANabc,0.999530042,0.8451479579217567
ALAGLYtr,0.999530042,0.8451479579217774
PSFLIP_cho,0.999530042,0.8451479579217535
FERRICHabc,0.999530042,0.845147957921762
FEROXGFEabcpp,0.999530042,0.845147957921762
XYLANabc,0.999530042,0.8451479579217535
COLIPABabcpp,0.999530042,0.8451479579217734
FEROXEFEabcpp,0.999530042,0.845147957921762
XYL3abc,0.999530042,0.8451479579217535
FEROXBFEabcpp,0.999530042,0.8451479579217621
COLIPAabcex,0.999530042,0.8451479579217733
ALAGLNtr,0.999530042,0.8451479579217772
THCHOLSTOICATP,0.999530042,0.8451479579217535
COLIPAabcpp_kt,0.999530042,0.8451479579217535
COLIPAabcppmin,0.999530042,0.8451479579217733
THIOGabc,0.999530042,0.8451479579217535
4HATVLACteb,0.999530042,0.8451479579217686
DASNabcpp,0.999530042,0.845147957921779
GCA3Sabc,0.999530042,0.8451479579217586
GCDCA3Sabc,0.999530042,0.8451479579217586
ADRNLPVESSEC,0.999530042,0.7254672890096346
ADRNLPVESSEC_1,0.999530042,0.8451479579217765
MCBTFabcpp,0.999530042,0.8451479579217624
GCHOLAt3,0.999530042,0.8451479579217586
TDCA3Sabc,0.999530042,0.8451479579217535
18HARACHDte,0.999530042,0.8451479579217639
COPROSTabc,0.999530042,0.8451479579217731
PSHSABCtc,0.999530042,0.8451479579217535
THYOCHOLabc,0.999530042,0.8451479579217535
PTVSTATPtu,0.999530042,0.8451479579217535
LANTHabc,0.999530042,0.8451479579217538
HPDECEte,0.999530042,0.8451479579217535
LEUKABCtc,0.999530042,0.8451479579217538
GLCGLYCabcpp_syn,0.999530042,0.8451479579217576
PROSTGE1t3,0.999530042,0.8451479579217535
PROSTGE2t3,0.999530042,0.8451479579217535
LEUKTRB4WCOOHt,0.999530042,0.8451479579217535
GLCMAN4abc,0.999530042,0.8451479579217576
LEUKTRB4WOHt,0.999530042,0.8451479579217535
Pe13_HSABCt,0.999530042,0.8451479579217535
GLCMAN6abc,0.999530042,0.8451479579217576
PYOVDtex,0.999530042,0.8451479579217535
LSTNtu,0.999530042,0.8451479579217535
CRVSM24teb,0.999530042,0.8451479579217722
PYOVD2tex,0.999530042,0.8451479579217535
LEULEUabcpp,0.999530042,0.8451479579217538
CYSAMPtev,0.999530042,0.8451479579217716
WHARACHDt,0.999530042,0.8451479579217535
CSASULPteb,0.999530042,0.8451479579217721
RETABCtc,0.999530042,0.8451479579217535
CSAtu,0.999530042,0.8451479579217722
4BHGLZABCt,0.999530042,0.8451479579217684
PVSGLUCteb,0.999530042,0.8451479579217535
PVSATPtu,0.999530042,0.8451479579217535
PURabc1,0.999530042,0.8451479579217535
LMN2abc,0.999530042,0.8451479579217538
VITEtl,0.999530042,0.8451479579217791
CRVSM23teb,0.999530042,0.8451479579217724
CYSIabcpp,0.999530042,0.8451479579217713
LCYSTabcpp,0.999530042,0.8451479579217734
AHANDROSTANte,0.999530042,0.8451479579217767
4GLU56DIHDINDt,0.999530042,0.8451479579217686
GLC3MEACPtev,0.999530042,0.8451479579217577
FBACabcpp,0.999530042,0.8451479579217633
15DMTtu,0.999530042,0.8451479579217639
LYSGLUGLYtr,0.999530042,0.8451479579217538
LVSTPGPtu,0.999530042,0.8451479579217535
PRGNLONESte,0.999530042,0.8451479579217535
PRGNLONEte,0.999530042,0.8451479579217535
LVSTACIDtu,0.999530042,0.8451479579217535
LTHSTRLABCt,0.999530042,0.8451479579217535
PRISTte,0.999530042,0.8451479579217535
AHANDROSTANGLCte,0.999530042,0.8451479579217767
LCYSTabc,0.999530042,0.8451479579217734
LCA24Gte,0.999530042,0.8451479579217535
LCA3Gte,0.999530042,0.8451479579217535
1531TACRteb,0.999530042,0.8451479579217638
1513TACRtu,0.999530042,0.8451479579217638
CRVSATPthc,0.999530042,0.8451479579217724
LCA3Sabc,0.999530042,0.8451479579217535
CRVSATPtu,0.999530042,0.8451479579217727
CRVSM1teb,0.999530042,0.8451479579217724
PROHISGLUtr,0.999530042,0.8451479579217535
PROLBabc,0.999530042,0.8451479579217535
PTVSTM3eb,0.999530042,0.8451479579217535
FERXAabc,0.999530042,0.845147957921762
4HATVACIDteb,0.999530042,0.8451479579217686
TETDECA511ACt,0.999530042,0.8451479579217535
11DOCRTSLte,0.999530042,0.8451479579217632
MDZtu,0.999530042,0.8451479579217535
MEPNabcpp,0.999530042,0.8451479579217538
r1532_1,0.999530042,0.845147957921773
r1531_1,0.999530042,0.845147957921773
ISOCHOLabc,0.999530042,0.8451479579217535
pentso3abcpp,0.999530042,0.8451479579217538
ALATHRabcpp,0.999530042,0.8451479579217774
12DHCHOLabc,0.999530042,0.8451479579217633
ISOLVSTtbc,0.999530042,0.8451479579217535
3MOXTYRESSte,0.999530042,0.725467289009641
1MNCAMti,0.999530042,0.8451479579217642
12HARACHDte,0.999530042,0.8451479579217636
THEXDDte,0.999530042,0.8451479579217535
ALATHRtr,0.999530042,0.8451479579217771
ALATRPabcpp,0.999530042,0.8451479579217774
MEPIVESSte_cho,0.999530042,0.8451479579217535
FVSteb,0.999530042,0.8451479579217603
ISOP3PT,0.999530042,0.8451479579217781
MEPIVESSte,0.999530042,0.725467289009617
12HPETATP,0.999530042,0.8451479579217633
ISTNTabc,0.999530042,0.8451479579217538
12HTACRtu,0.999530042,0.8451479579217636
LIPABabcpp,0.999530042,0.8451479579217535
GALMAN6abc,0.999530042,0.8451479579217591
FOLABCCte,0.999530042,0.8451479579217612
11DOCRTSTRNte,0.999530042,0.8451479579217633
ICLIPAabcpp,0.999530042,0.8451479579217535
ICDCHOLabc,0.999530042,0.8451479579217535
ALAHIStr,0.999530042,0.8451479579217772
TCDCA3Sabc,0.999530042,0.8451479579217535
TCHOLAt3,0.999530042,0.8451479579217535
MERACMPthc,0.999530042,0.8451479579217538
GALMAN4abc,0.999530042,0.8451479579217592
ALAHISabcpp,0.999530042,0.8451479579217774
HYOCHOLabc,0.999530042,0.8451479579217535
MERACMPtep,0.999530042,0.8451479579217535
XYLBabc,0.999530042,0.8451479579217535
IBUPGLUCtpvb,0.999530042,0.8451479579217535
r1533_1,0.999530042,0.8451479579217731
IBUP_Stbc,0.999530042,0.8451479579217535
TCHOLABCtc,0.999530042,0.8451479579217535
THRNTt,0.999530042,0.8451479579217535
ALALEUabcpp,0.999530042,0.8451479579217774
ALALEUt,0.999530042,0.8451479579217774
CCGS,0.999528876,0.66813941524628
AASDH1_c,0.9995282400000001,0.8618546545162027
MPOMOR2_1,0.9995282400000001,0.7911570975008941
RE2626C,0.9995282400000001,0.8618546545162178
RE1830C,0.9995282400000001,0.8618546545162014
34DHXMANDACOX_NADP,0.9995282400000001,0.8618546545161974
UDPGALNAC6DH_2,0.9995282400000001,0.9160416849344002
TNTR1,0.9995282400000001,0.8176321864544789
EPOXQR,0.9995282400000001,0.7911570975008941
EPXQR,0.9995282400000001,0.7911570975008941
CDPGD,0.9995282400000001,0.7911570975008941
ALDD20y,0.9995282400000001,0.8618546545162169
RADH2,0.9995282400000001,0.8618546545162169
MPOMC2,0.9995282400000001,0.7911570975008941
RE1807C,0.9995282400000001,0.8618546545162173
RADH4,0.9995282400000001,0.8618546545162182
TNTR2,0.9995282400000001,0.8176321864544789
3MOX4HOXPGALDOX_NADP,0.9995282400000001,0.8618546545161985
ALLTAMH2,0.9995276179999999,0.8606604721894264
ARGt2pp,0.999527248,0.6737221598223753
CAPROICc,0.9995272,0.7999895692084203
OAAt_1,0.999525832,0.6620870758628553
SO4t4pp_1,0.999524538,0.5
GAPP,0.9995242839999999,0.7069654022425799
5DH4DGLCD,0.9995242120000001,0.6928143010165083
CMPN,0.99952156,0.5
TARTDC,0.9995211860000002,0.6859943405700353
PSLS,0.999520038,0.49986958789774927
SELMETAT,0.99952003,0.6666666666666667
COB1NDAAT2,0.99952003,0.6666666666666667
TMPHi,0.9995199359999999,0.647125276518244
THMTP,0.9995189740000001,0.6761095507751439
DADNK,0.9995186699999999,0.6324353744416549
ILEDHr,0.999516256,0.6834925412092896
PROt4_2_r,0.999515168,0.9486832980505138
DDPA_1,0.9995129800000001,0.9128947337811675
PHEMEt,0.9995090120000001,0.5
RFAC_HP,0.999504892,0.6324353744416604
NO3t2pp,0.9995037,0.6933821993049778
G5SD2,0.999502792,0.6666666666666667
HMR_6786,0.999501684,0.5999791384166931
CYTK3,0.9994999659999999,0.5
SLFAT,0.999496688,0.5999791384167101
RBFK_1,0.999495778,0.8944505146550812
XNAC,0.999494872,0.7324680936237036
R1PK,0.99949181,0.632435374441606
C3STDH2,0.9994912420000001,0.6415129052793413
C3STDH1,0.9994912420000001,0.6415129052793489
THMPP,0.999490632,0.5
AKP1,0.999486922,0.8658710659558813
AKP1_1,0.999486922,0.9256407381238748
AKP1_2,0.999486922,0.8422297486654668
DHORD6,0.9994820499999999,0.7027493975589052
CBPS_1,0.99948084,0.9737339285649727
PRO1y,0.9994798100000001,1.0
P5CR_1,0.9994798100000001,0.9486874220701226
GLCP4,0.9994796380000001,0.8040421656648321
GLCP3,0.9994796380000001,0.804042165664832
HOXPRx,0.999479444,0.7999895692083732
FPGS7,0.999479384,0.834777120649328
GLYGLYCNc,0.999477242,0.6123724356957946
G3PCT_1,0.9994771119999999,0.5772983874242145
OLEICFATPtc,0.9994754240000001,0.7216878364870323
FAEL184_cho,0.9994740140000001,0.9538523807919498
ELO6ETA_c,0.9994740140000001,0.9538523807919499
FAEL205_cho,0.9994740140000001,0.9538523807919498
KAS9,0.9994740140000001,0.9974374970708009
FAEL204_cho,0.9994740140000001,0.9538523807919559
ELO5DPA_c,0.9994740140000001,0.9538523807919498
KAS1,0.9994740140000001,0.9968559351796988
KAS6,0.9994740140000001,0.9977370972727786
KAS5,0.9994740140000001,0.9974374970708009
KAS3,0.9994740140000001,0.9968559351796988
KAS19SA,0.9994740140000001,0.9982022935028069
FAEL183_cho,0.9994740140000001,0.95385238079195
KAS12,0.9994740140000001,0.9977370972727785
KAS11,0.9994740140000001,0.9977370972727786
KAS4,0.9994740140000001,0.9968559351796988
KAS10,0.9994740140000001,0.9974374970708011
FAS260,0.9994740140000001,0.9538523807919498
NDH1_2p,0.999470914,0.9310338626431917
GLCATr,0.999470748,0.6123724356957947
PDX5PO2,0.9994700680000002,0.702749397558905
NTPP11_1,0.9994644779999999,0.89445051465508
ACCC_1,0.999463964,0.5787460709779348
D4DGCD,0.999463964,0.6928143010165083
MYCSacp56,0.999463808,0.992915166420229
FASC240ACP,0.999463808,0.9485424146081758
FASPHDCA,0.999463808,0.9919467546824938
MYCSacp50,0.999463808,0.9926437666312841
MYCSacp58,0.999463808,0.9910319223845158
NPHSb,0.9994635620000001,0.7999895692084069
FUMtpp,0.9994629100000001,0.9486832980505138
PPPPH,0.9994612860000001,0.7999895692083947
GLNSP3,0.999460558,0.7142750707793336
SMIA1abc,0.999460266,0.8017812374686751
XNSPabc,0.999460266,0.8017812374686751
SMIA2abc,0.999460266,0.8017812374686751
PACCOAL2,0.999460024,0.6666666666666667
CF3Ha,0.999458522,0.6708378859913521
GLXCBL,0.999457746,0.8571375353896351
G1PDH,0.9994576759999999,0.702749397558904
SULR2pp,0.9994574400000001,0.9211360122223619
NTP12,0.999457346,0.6761095507751372
ICDHx,0.999457252,0.670837885991345
Spt3AdT,0.9994562379999999,0.6761095507751679
S3AdT,0.9994562379999999,0.6761095507751679
SELADT,0.9994562379999999,0.6761095507751715
THISAT,0.9994562379999999,0.6761095507751712
LAAL31,0.9994542839999999,0.6761095507751893
CA2t,0.9994537680000001,0.4999999999999999
ADADir,0.9994536799999999,0.6324353744416537
FADD17,0.99945138,0.7505116834105017
Kt3r,0.999450672,0.6620870758628552
HSDxi,0.999449572,0.702749397558907
AAPT,0.9994468299999999,0.6324353744416629
HXANt2r,0.9994461899999999,0.6620870758628552
HMR_4816,0.9994461320000001,0.8658710659558809
INSTt4,0.999445242,0.6324555320336759
INSTt4_2,0.999445242,0.7999999999999998
NTP11,0.9994443800000001,0.6761095507751769
AIRSK,0.999443816,0.7453559965556988
5DKGR,0.9994432099999999,0.7999895692083709
HYD3,0.9994425039999999,0.8939936142949927
GLUTRS2,0.999440724,0.676109550775217
DAGK_EC,0.9994392080000001,0.8163758996906312
NDH1_1p,0.9994375060000001,0.8757574651804129
TSULP,0.999436562,0.6620870758628552
DGNSK,0.9994365080000002,0.6324353744416527
THPPP,0.999435694,0.6708378859913167
RE2768C,0.9994320099999999,0.7969200348986535
TRDR4,0.99942937,0.7142750707793017
SO4t2,0.9994286459999999,0.6620870758628552
SO4t_e,0.9994286459999999,0.8374812676349257
HPACOAT,0.999427686,0.599979138416691
LAT,0.9994269599999999,0.5000072433849908
FPGSa,0.999424232,0.8347771206493285
MTHF3ES_c,0.999424232,0.8058150499650625
ARAT,0.9994241660000001,0.6708378859913414
FACOAL200,0.999423964,0.6666666666666667
GGSPMDS,0.9994209940000001,0.7142750707793906
MN2tipp,0.999419856,0.9999999999999998
HMR_8582,0.9994180119999999,0.6123724356957946
CDAPPA190,0.99941642,0.865948844633338
CDAPPA_HP,0.99941642,0.865948844633338
CDAPPA160190,0.99941642,0.865948844633338
CDAPPA_SA,0.99941642,0.9998666612658973
GP4GH1,0.999414414,0.7499674012257113
HISTP_1,0.999414316,0.8944505146551393
HP,0.999414316,0.894450514655108
CHLt3pp,0.9994138180000001,0.6737221598223753
LAAL41,0.9994137179999999,0.6761095507752127
HMR_1551,0.9994120280000001,0.6151491641983002
HMR_1505,0.9994120280000001,0.6151491641983002
HMR_1495,0.9994120280000001,0.6151491641983013
HMR_1546,0.9994120280000001,0.6151491641983002
LAAL34,0.999409706,0.6761095507751893
HMGCOAS,0.999408356,0.6666666666666667
LAAL36,0.9994045500000001,0.7142750707793285
PGLc,0.999403612,1.0
HCO3_h_ti,0.999403152,0.6620870758628552
CHOLt4ipp,0.9994013259999999,0.5
LAAL35,0.9993972880000002,0.7142750707793706
CITt2r,0.9993970040000001,0.6620870758628552
CITt3,0.9993970040000001,0.6620870758628552
DKMPPD3_1,0.999395764,0.6761095507751769
ICHDx,0.9993951939999999,0.6708378859913261
3OAS160_2,0.9993934839999999,0.8333333333333335
3NUCLE1,0.9993909000000001,0.75
FACOALPREPH,0.999388246,0.6666666666666667
SPMDt2,0.9993855119999999,0.6620870758628552
SPMDt3i,0.9993855119999999,0.6620870758628553
MALt2_3,0.99938149,0.8944271909999159
MALt2_2,0.99938149,0.9486832980505138
DIDP,0.9993803079999999,0.6761095507751768
CDPGS,0.999380152,0.5174588220865749
FTHFI_1,0.9993749980000001,0.7885086812747808
6TXAN5MPAML,0.9993718399999999,0.8333188456189343
FBP26,0.9993712499999999,0.75
GLXO3r,0.9993710720000001,0.6804236744382356
LAAL12,0.9993709259999999,0.6761095507751893
SELNPS,0.999369566,0.6123724356957946
CAMPP,0.99936922,0.6761095507751722
GNP,0.9993678339999998,0.7069654022425799
HEX10,0.999367222,0.6324353744416417
CARBSARAH,0.999366818,0.8040252224545791
BUP2,0.999366818,0.8040252224545692
BUP,0.999366818,0.8040252224545692
AFLBURPPAAMH,0.999366818,0.7385576997230722
FACOAL1813,0.999366048,0.6666666666666667
ASPTRS_1,0.999365472,0.7142750707794128
THFGLUH,0.999364602,0.5999791384166206
RIBFLVt2,0.999363614,0.6620870758628552
ACGK_1,0.9993621879999999,0.8944505146551579
PTHRP,0.99936189,0.75
MLTHFte,0.999358634,0.6620870758628552
SRK,0.999356822,0.6324353744416592
AMCOXO,0.99935548,0.6299287942994147
FLVR_1,0.9993539119999999,0.7999895692083476
LAAL9,0.9993533400000001,0.7142750707793724
RE1508C,0.9993526100000001,0.6324353744416072
R15BPK,0.999351974,0.6123724356957946
LYSLYSLYSr,0.9993509700000001,0.6681531047810609
RBK_Dr,0.9993504019999999,0.6324353744416057
MTRK,0.9993499620000001,0.6324353744416534
ALKP,0.999349642,0.7069654022425799
2DHGLCK,0.999348668,0.6625410396587468
FRUt2,0.999348002,0.6620870758628552
APNPT,0.9993479000000001,0.6324353744416071
PACOAT,0.999343154,0.5999791384166925
CODH4,0.99934007,0.8017787478285467
DOHDUS,0.999336512,0.6834925412092866
DALADALAD,0.999336066,0.8333333333333335
INSt3pp,0.99933476,0.6737221598223753
ALCD22_L,0.9993313880000001,0.7999895692083796
GALt2_2,0.999329294,0.8374812676349257
GALt2,0.999329294,0.6620870758628552
LAAL14,0.99932617,0.6761095507752092
ACITL,0.99932565,0.6172248960421738
LAAL26,0.9993234880000001,0.6761095507751954
GNKr,0.9993229699999999,0.799989569208448
GLYCDy,0.999322408,0.7999895692083692
APCPT,0.999321608,0.6324353744415884
PRUK,0.9993207700000001,0.6324353744416048
MBTG,0.999320748,0.6172248960421571
CYTDt5,0.999320326,0.9486832980505138
LYSt4,0.999320294,0.6324555320336759
LAAL18,0.9993198939999999,0.6761095507752108
CHLP,0.999319468,0.7069654022425799
GLYO1,0.999316262,0.6666666666666667
ARGMO,0.999315232,0.5773402324173541
THRA,0.9993148159999998,1.0
GLCSGLT1le,0.9993147139999999,0.6831232649926214
HYNE,0.99931449,0.5669572694421376
AHMMPDPT,0.999314088,0.6708378859913603
RE0577C,0.999312068,0.5999791384167028
1P2CBXLR,0.999311066,0.8749837006128431
GALK2,0.99930051,0.7999895692084503
MALLAC,0.9992937420000001,0.6859943405700353
DKMPPD,0.999289048,0.7797969286506581
3HPCOAHYD,0.999288648,0.5999791384166918
NDPK10_1,0.999283714,0.5477368402687289
R05224,0.9992829679999999,0.7715170693513982
CYRDAS,0.9992829679999999,0.7715170693513982
HYGBDIAS,0.9992829679999999,0.8179041686829075
FK,0.999282208,0.6324353744416438
3KGK,0.999282092,0.6324353744416503
PGPP1819Z160,0.9992819879999999,0.7499674012257126
PGPP18111Z160,0.9992819879999999,0.7499674012257126
DOLDPP12,0.9992819879999999,0.6761095507751774
DOLDPP11,0.9992819879999999,0.6761095507751773
DOLDPP,0.9992819879999999,0.6761095507751774
SBPP3_1,0.9992819879999999,0.6761095507751476
PMI1346PH,0.9992819879999999,0.6761095507751381
HMR_7256,0.9992819879999999,0.8699735056561761
DEDOLP1_U,0.9992819879999999,0.8699735056561761
MIHKPP,0.9992819879999999,0.7499674012257126
DEDOLP1_L,0.9992819879999999,0.8699735056561761
DEDOLP1,0.9992819879999999,0.6761095507751761
NAGINS,0.9992819879999999,0.7499674012257126
PMI12346PH,0.9992819879999999,0.6761095507751386
HKM1PP,0.9992819879999999,0.6761095507751561
LPP_SC,0.9992819879999999,0.8728397547391895
I14BP1P,0.9992819879999999,0.6488411523050174
DCPDP,0.9992819879999999,0.676109550775176
OTSB1,0.9992819879999999,0.6761095507751427
2DGULRGx,0.999281412,0.7999895692083706
ETHAMK,0.999278462,0.6324353744416479
ETHAK,0.999278462,0.6324353744416479
HEPKA2,0.9992768360000002,0.799989569208426
FPGS4,0.9992747879999999,0.8347771206493291
ALDDC17,0.9992746700000001,0.7636055801084178
LNS14DM,0.9992746700000001,0.8283272905303142
CYEUOLS,0.9992746700000001,0.7622536610249008
4MZYMDM,0.9992746700000001,0.7622536610249011
OBFOOLOR,0.9992746700000001,0.8283272905303142
RE1897C,0.9992744179999999,0.7027493975588914
NOS1_1,0.9992719680000001,0.6172248960421571
URIK1_1,0.9992713740000001,0.8944505146550642
ALR2x,0.999270132,0.7999895692083772
NPHSa,0.9992690919999999,0.75
PPNCL3,0.9992683379999999,0.7142750707793494
PAPA120pp,0.999264148,0.6974858324629157
2PGK,0.999261074,0.6324353744416498
ALDR18,0.999259616,0.7661352206191734
GLYBt3pp,0.999258684,0.6737221598223753
PCNO,0.99925832,0.7159782094997473
ALAALAPEPT1tc,0.999255354,0.6620870758628552
THMDt5,0.999254222,0.9486832980505138
RE2782C,0.9992534860000001,0.6324353744415849
NMNTP,0.9992481439999998,0.7071067811865475
r0220_1,0.9992469820000001,0.5751938878175816
NACASPAH,0.999246574,0.5
THMt2,0.999244092,0.6620870758628552
THMt3,0.999244092,0.6620870758628553
INOSTtpp,0.9992427659999998,0.673722159822375
CHOLD2,0.9992397839999999,0.5
GG15DAPS,0.9992350720000001,0.7142750707793716
CRNtHa,0.999234414,0.6620870758628552
ThDPAT,0.9992332279999999,0.5656559216379833
HMR_4702,0.999232886,0.5939708948533939
MAN6Pt6,0.9992274100000001,0.6620870758628552
SPMDt2pp,0.999227118,0.673722159822375
ALCD22_D,0.99922401,1.0
HACD1_1,0.9992235199999999,1.0
GLNSP1,0.9992230400000001,0.7142750707793336
GLNSP2,0.9992230400000001,0.7142750707793336
2DGULRGy,0.999223022,0.7999895692083702
KHK2,0.999219546,0.7999895692083248
PRFGS_1,0.999219038,0.9622560252155051
ADOCBIK,0.9992188799999999,0.6324353744416603
ARGARGr,0.9992165679999999,0.4714250090679746
GLYCt2,0.9992145499999999,0.6620870758628552
FALDtpp2,0.9992140300000001,0.7071067811865475
DCHOLESTANCOAc,0.9992127,0.6666666666666667
FACOAL1822,0.9992127,0.6666666666666667
HMR_0271,0.9992127,0.6666666666666667
FACOAL182_1,0.9992127,0.6666666666666667
HMR_0301,0.9992127,0.6666666666666667
FACOAL1831,0.9992127,0.6666666666666667
IBUP_RASCL1hep,0.9992127,0.6666666666666667
HMR_0267,0.9992127,0.6666666666666667
FACOAL1832,0.9992127,0.6666666666666667
HMR_0297,0.9992127,0.6666666666666667
FACOAL1821,0.9992127,0.6666666666666667
HMR_0233,0.9992127,0.6666666666666667
FACOAL182,0.9992127,0.6666666666666667
HMR_0319,0.9992127,0.6666666666666667
FACOAL171_ISO,0.9992127,0.6666666666666667
RE2635C,0.9992127,0.6666666666666667
FACOAL_162_9Z12Z_c,0.9992127,0.6666666666666667
HMR_0204,0.9992127,0.6666666666666667
HMR_0323,0.9992127,0.6666666666666667
FACOAL171_anteiso,0.9992127,0.6666666666666667
HMR_0209,0.9992127,0.6666666666666667
FACOAL_163_6Z9Z12Z_c,0.9992127,0.6666666666666667
FACOAL_164_6Z9Z12Z15Z_c,0.9992127,0.6666666666666667
FACOAL_220_c,0.9992127,0.6666666666666667
FACOAL181_1,0.9992127,0.6666666666666667
4HPTNCOAL,0.9992127,0.6666666666666667
HMR_0279,0.9992127,0.6666666666666667
FACOAL1812,0.9992127,0.6666666666666667
FACOAL_70_c,0.9992127,0.6666666666666667
FACOALPHDCA,0.9992127,0.6666666666666667
FACOAL1812_1,0.9992127,0.6666666666666667
HMR_0309,0.9992127,0.6666666666666667
FACOAL184,0.9992127,0.6666666666666667
C12DCACT,0.9992127,0.6666666666666667
HMR_0293,0.9992127,0.6666666666666667
IVCS,0.9992127,0.6666666666666667
FACOAL191,0.9992127,0.6666666666666667
HMR_0241,0.9992127,0.6666666666666667
ACSPHACP50,0.9992127,0.6666666666666667
FACOAL240,0.9992127,0.6666666666666667
ACSPHACP40,0.9992127,0.6666666666666667
ACSPHACP100,0.9992127,0.6666666666666667
HMR_0255,0.9992127,0.6666666666666667
ACSPHAC90,0.9992127,0.6666666666666667
ACSPHAC80,0.9992127,0.6666666666666667
ACSPHAC70,0.9992127,0.6666666666666667
ACSPHAC60,0.9992127,0.6666666666666667
ACSPHAC50,0.9992127,0.6666666666666667
ACSPHAC40,0.9992127,0.6666666666666667
ACSPHAC160,0.9992127,0.6666666666666667
ACSPHAC142,0.9992127,0.6666666666666667
ACSPHAC141d5,0.9992127,0.6666666666666667
ACSPHAC141,0.9992127,0.6666666666666667
ACSPHAC140,0.9992127,0.6666666666666667
ACSPHAC121d6,0.9992127,0.6666666666666667
ACSPHAC121,0.9992127,0.6666666666666667
ACSPHAC120,0.9992127,0.6666666666666667
ACSPHAC101,0.9992127,0.6666666666666667
ACSPHAC100,0.9992127,0.6666666666666667
FACOAL245_1,0.9992127,0.6666666666666667
FACOAL240_1,0.9992127,0.6666666666666667
FACOAL240i,0.9992127,0.6666666666666667
FACOAL244_1,0.9992127,0.6666666666666667
FACOAL245_2,0.9992127,0.6666666666666667
FACOAL246_1,0.9992127,0.6666666666666667
ACSPHACP60,0.9992127,0.6666666666666667
FACOAL224,0.9992127,0.6666666666666667
FACOAL2,0.9992127,0.6666666666666667
FACOAL90i,0.9992127,0.6666666666666667
FACOAL203,0.9992127,0.6666666666666667
SEBACACT,0.9992127,0.6666666666666667
HMR_0289,0.9992127,0.6666666666666667
FACOAL204,0.9992127,0.6666666666666667
FACOAL241,0.9992127,0.6666666666666667
FACOAL2042,0.9992127,0.6666666666666667
FACOAL205,0.9992127,0.6666666666666667
FACOAL50i,0.9992127,0.6666666666666667
FACOAL206,0.9992127,0.6666666666666667
RE3075C,0.9992127,0.6666666666666667
ACSPHACP70,0.9992127,0.6666666666666667
FACOAL2251,0.9992127,0.6666666666666667
RE3079C,0.9992127,0.6666666666666667
FACOAL260,0.9992127,0.6666666666666667
FVSCOAhc,0.9992127,0.6666666666666667
ACSPHACT60,0.9992127,0.6666666666666667
HMR_0245,0.9992127,0.6666666666666667
ACSPHACT40,0.9992127,0.6666666666666667
FACOAL2252,0.9992127,0.6666666666666667
ACSPHACP90,0.9992127,0.6666666666666667
FACOAL170_anteiso,0.9992127,0.6666666666666667
FACOAL226,0.9992127,0.6666666666666667
ACSPHACP80,0.9992127,0.6666666666666667
FACOAL_161_2E_c,0.9992127,0.6666666666666667
HMR_0327,0.9992127,0.6666666666666667
RE3345C,0.9992127,0.6666666666666667
3HPVSCOAhc,0.9992127,0.6666666666666667
RE3335C,0.9992127,0.6666666666666667
CAFFCOA,0.9992127,0.6666666666666667
HMR_1627,0.9992127,0.6666666666666667
4CMCOAS,0.9992127,0.6666666666666667
